YEAR,MONTH,DAY,DATE,MAX Temperature,MIN Temperature ,Avg Temperature,Total Rainfall (mm),Relative Air Humidity (%),Average Solar Radiation (W/m2),fAPAR (%),Latitude ,Elevation,Soil Moisture 
1987,1,1,1987/1/1,3.17,-2,0.58387,26.4,88.85777921,25.95869901,0.176746,51.414,112,1
1987,2,1,1987/2/1,6.87,0.55,3.71071,34.6,85.76200112,46.94594828,0.20720878,51.414,112,1
1987,3,1,1987/3/1,8.13,1.01,4.57097,57.9,78.55482012,90.31758225,0.21286913,51.414,112,1
1987,4,1,1987/4/1,14.93,5.58,10.25333,48.5,75.36928227,146.3668175,0.313313955,51.414,112,1
1987,5,1,1987/5/1,15.61,5.95,10.77742,55.1,75.76751892,176.681957,0.486984876,51.414,112,1
1987,6,1,1987/6/1,17.74,9.78,13.75667,86,78.893255,168.1080894,0.592294555,51.414,112,1
1987,7,1,1987/7/1,20.91,11.68,16.29355,47.3,75.14591327,155.0395404,0.538543731,51.414,112,1
1987,8,1,1987/8/1,21.11,11.05,16.08226,53.3,79.33699446,149.3560807,0.479517574,51.414,112,1
1987,9,1,1987/9/1,18.67,10.26,14.465,57,80.38382481,112.3012273,0.456859212,51.414,112,1
1987,10,1,1987/10/1,14.37,6.21,10.29032,186.8,84.19009258,65.39292582,0.390126106,51.414,112,1
1987,11,1,1987/11/1,9.26,3.93,6.59167,51.8,87.73911727,28.64238095,0.1237884,51.414,112,1
1987,12,1,1987/12/1,8.1,3.49,5.79677,19.6,87.49704893,15.54644864,0.222144795,51.414,112,1
1988,1,1,1988/1/1,8.21,3.02,5.6129,103.1,86.58027899,22.51469288,0.215109678,51.414,112,1
1988,2,1,1988/2/1,8.25,1.46,4.85172,45.4,78.68951743,63.58141898,0.217268996,51.414,112,1
1988,3,1,1988/3/1,9.81,3.91,6.85968,60.9,77.53288338,81.91817736,0.273513847,51.414,112,1
1988,4,1,1988/4/1,12.8,3.59,8.19833,25.9,74.83310217,136.5825304,0.330165806,51.414,112,1
1988,5,1,1988/5/1,17.32,7.51,12.4129,45.3,75.96947625,182.0774881,0.517564656,51.414,112,1
1988,6,1,1988/6/1,18.72,10.05,14.385,33.7,77.38727616,166.9923841,0.574242353,51.414,112,1
1988,7,1,1988/7/1,18.91,11.56,15.23548,98.9,78.72857693,157.1179203,0.536440202,51.414,112,1
1988,8,1,1988/8/1,20.37,11.09,15.73226,42,76.20246915,144.7496111,0.498422322,51.414,112,1
1988,9,1,1988/9/1,17.73,9.48,13.60667,58.3,80.48107705,110.899145,0.42661423,51.414,112,1
1988,10,1,1988/10/1,14.44,6.88,10.65968,67.6,87.69388394,64.76219649,0.386170864,51.414,112,1
1988,11,1,1988/11/1,8.91,0.68,4.79333,16.3,88.32284957,36.52820515,0.265238359,51.414,112,1
1988,12,1,1988/12/1,9.92,4.94,7.42903,12.5,88.04163536,16.58910692,0.218067546,51.414,112,1
1989,1,1,1989/1/1,8.84,2.73,5.78548,30.1,86.68881398,24.44615552,0.215109678,51.414,112,1
1989,2,1,1989/2/1,9.48,2.21,5.84821,54.5,82.50175198,57.30219816,0.207430009,51.414,112,1
1989,3,1,1989/3/1,11.92,4.29,8.10484,72.5,80.3037033,87.27687975,0.24488623,51.414,112,1
1989,4,1,1989/4/1,11.09,3.13,7.11167,74.4,76.84501063,133.8186568,0.355380588,51.414,112,1
1989,5,1,1989/5/1,20.4,7.69,14.04677,20.6,65.72655753,225.0176465,0.496611183,51.414,112,1
1989,6,1,1989/6/1,21.24,9.08,15.15667,25.8,63.51312412,220.9538264,0.572639803,51.414,112,0.882729005
1989,7,1,1989/7/1,25.09,12.86,18.97581,57.5,67.14629802,202.05808,0.470335248,51.414,112,0.686604934
1989,8,1,1989/8/1,23.03,11.16,17.09355,51.8,69.25393741,168.4876876,0.466284771,51.414,112,0.630464793
1989,9,1,1989/9/1,20.13,10.63,15.38167,22.7,75.69998472,105.9520107,0.40858562,51.414,112,0.640715345
1989,10,1,1989/10/1,15.81,8.35,12.07742,81.8,82.68531468,60.47596065,0.185854605,51.414,112,0.870694293
1989,11,1,1989/11/1,10.29,2.49,6.38833,17.4,89.05157272,36.88255566,0.234075228,51.414,112,1
1989,12,1,1989/12/1,8.7,3.28,5.99032,133.5,90.13090941,14.26641417,0.222144795,51.414,112,1
1990,1,1,1990/1/1,9.45,3.97,6.70645,83.6,86.62335941,22.91865982,0.196487893,51.414,112,1
1990,2,1,1990/2/1,11.03,5.04,8.03571,111,78.77606455,51.72714857,0.206327517,51.414,112,1
1990,3,1,1990/3/1,12.49,4.44,8.4629,9.1,73.34080656,107.8652,0.242112302,51.414,112,1
1990,4,1,1990/4/1,13.8,2.65,8.225,27,68.58390971,173.9850451,0.32254206,51.414,112,1
1990,5,1,1990/5/1,20.16,6.41,13.28387,6.2,65.54919658,213.102251,0.50576639,51.414,112,0.896379569
1990,6,1,1990/6/1,18.52,9.49,14.00333,40.6,70.30367647,164.1477798,0.544034912,51.414,112,0.666311137
1990,7,1,1990/7/1,24.03,11.25,17.63871,11.8,62.57904906,206.9996827,0.463571996,51.414,112,0.430808576
1990,8,1,1990/8/1,25.33,12.64,18.98065,27.5,67.58107169,172.8949286,0.435414175,51.414,112,0.28231024
1990,9,1,1990/9/1,18.96,8.27,13.61333,15.9,72.18614435,110.3721052,0.393406451,51.414,112,0.26787184
1990,10,1,1990/10/1,16.04,8.7,12.36935,60.5,80.35829369,67.53905746,0.390126106,51.414,112,0.421062808
1990,11,1,1990/11/1,10.21,4.25,7.23,31.6,87.54588393,35.85586912,0.262507541,51.414,112,0.653153634
1990,12,1,1990/12/1,7.08,2.06,4.57258,66.7,85.12195248,19.36583044,0.222144795,51.414,112,0.907715305
1991,1,1,1991/1/1,6.98,1.45,4.2129,71.3,82.62558452,26.99850473,0.215109678,51.414,112,1
1991,2,1,1991/2/1,4.82,-1.75,1.53214,47,89.85042061,48.54089697,0.121505538,51.414,112,1
1991,3,1,1991/3/1,12.02,4.51,8.26452,32.2,81.15071772,87.70498817,0.24488623,51.414,112,1
1991,4,1,1991/4/1,13.14,3.8,8.47333,54.9,71.0534798,156.8825397,0.325772392,51.414,112,1
1991,5,1,1991/5/1,15.58,6.33,10.95645,13,73.35073381,152.3367882,0.452227276,51.414,112,1
1991,6,1,1991/6/1,16.88,8.8,12.84167,84,74.01661092,163.3140546,0.625497591,51.414,112,1
1991,7,1,1991/7/1,22.64,13.09,17.86774,74.4,75.81537993,176.4613127,0.542100711,51.414,112,1
1991,8,1,1991/8/1,23.53,12.92,18.22097,20.8,74.55585792,164.2056913,0.466907705,51.414,112,1
1991,9,1,1991/9/1,21.14,9.23,15.18167,44.5,80.54023585,126.2801022,0.397399,51.414,112,1
1991,10,1,1991/10/1,13.81,6.34,10.07742,17.8,84.97792914,63.8251517,0.390126106,51.414,112,1
1991,11,1,1991/11/1,10.38,3.59,6.98667,63.5,86.61781517,30.60415131,0.262507541,51.414,112,1
1991,12,1,1991/12/1,7.77,0.53,4.15323,12.2,88.22215756,21.17454701,0.222144795,51.414,112,1
1992,1,1,1992/1/1,6.96,0.66,3.81452,11.6,86.06383543,27.15044578,0.191504812,51.414,112,1
1992,2,1,1992/2/1,8.69,1.72,5.20345,20.8,83.60153476,52.38192373,0.20720878,51.414,112,1
1992,3,1,1992/3/1,11.48,4.59,8.03387,54.4,80.90618518,84.61640767,0.246004327,51.414,112,1
1992,4,1,1992/4/1,13.35,4.69,9.02,62.3,75.09016658,128.412829,0.23352147,51.414,112,1
1992,5,1,1992/5/1,20.46,8.26,14.36129,49.7,68.9404546,211.2413376,0.499186584,51.414,112,1
1992,6,1,1992/6/1,21.48,9.93,15.70667,25.9,74.95358654,203.8607386,0.538733429,51.414,112,0.999763847
1992,7,1,1992/7/1,21.43,12.76,17.09355,73.1,77.66490842,156.1898038,0.536440202,51.414,112,0.999715797
1992,8,1,1992/8/1,21.4,12.6,17,102.9,79.4125942,137.8043058,0.47936765,51.414,112,1
1992,9,1,1992/9/1,18.04,9.93,13.985,78.5,84.16801398,103.6630627,0.355547946,51.414,112,1
1992,10,1,1992/10/1,12.18,4.27,8.22581,51.6,81.07948535,64.39586689,0.386170864,51.414,112,1
1992,11,1,1992/11/1,11.53,4.61,8.07333,92.6,85.96190665,26.00161572,0.256957591,51.414,112,1
1992,12,1,1992/12/1,7.49,0.79,4.14194,57.4,88.14055928,19.72459803,0.218067546,51.414,112,1
1993,1,1,1993/1/1,10.12,3.18,6.65161,77.7,85.59399944,18.36688698,0.215109678,51.414,112,1
1993,2,1,1993/2/1,6.99,1.94,4.4625,3.7,83.42604299,53.52304087,0.20125036,51.414,112,1
1993,3,1,1993/3/1,11.21,1.84,6.52258,10.4,74.51210695,100.8131195,0.241326373,51.414,112,1
1993,4,1,1993/4/1,14.17,5.39,9.77833,97.9,80.80548186,135.1208721,0.302413822,51.414,112,1
1993,5,1,1993/5/1,17.79,8.04,12.91613,28.6,72.14733019,184.659626,0.525683058,51.414,112,1
1993,6,1,1993/6/1,21.1,10.56,15.83167,48.7,71.37609554,192.1184546,0.56806851,51.414,112,1
1993,7,1,1993/7/1,21.12,11.77,16.44516,56.1,74.53250267,169.2312821,0.53677368,51.414,112,1
1993,8,1,1993/8/1,20.95,9.78,15.36774,29.4,73.11091265,153.3256453,0.479517574,51.414,112,0.947544927
1993,9,1,1993/9/1,17.25,7.68,12.465,118.1,84.59275588,93.28482465,0.405275987,51.414,112,0.989310452
1993,10,1,1993/10/1,12.85,5.96,9.40806,143.2,80.18274704,66.68655308,0.365192368,51.414,112,1
1993,11,1,1993/11/1,8.44,1.71,5.07667,38,88.30894042,34.90684239,0.243110384,51.414,112,1
1993,12,1,1993/12/1,8.97,3.54,6.25484,94.1,84.84418969,19.08438202,0.222144795,51.414,112,1
1994,1,1,1994/1/1,8.83,2.6,5.71129,107.4,86.70301622,25.32232345,0.215109678,51.414,112,1
1994,2,1,1994/2/1,7.22,0.46,3.83929,53.9,88.19782174,46.78619613,0.189615244,51.414,112,1
1994,3,1,1994/3/1,11.81,4.87,8.33871,33.4,78.36913907,91.99301088,0.240716822,51.414,112,1
1994,4,1,1994/4/1,12.62,4.67,8.645,73.6,70.41044833,158.8896196,0.307410021,51.414,112,1
1994,5,1,1994/5/1,16.23,6.58,11.40484,91.2,75.83392317,159.8547119,0.490947272,51.414,112,1
1994,6,1,1994/6/1,20.86,10.15,15.50667,19.7,71.38391363,207.6154539,0.588202535,51.414,112,1
1994,7,1,1994/7/1,25.52,13.42,19.47097,22.8,73.80702058,206.0379759,0.523358142,51.414,112,0.869179979
1994,8,1,1994/8/1,22.38,12.5,17.44032,29.6,82.89298973,155.0761338,0.372545518,51.414,112,0.660376991
1994,9,1,1994/9/1,17.14,9.7,13.41833,116.1,87.55365329,101.8736391,0.456859212,51.414,112,0.875238118
1994,10,1,1994/10/1,14.88,6.05,10.46452,73.5,87.72415063,73.91535499,0.390126106,51.414,112,1
1994,11,1,1994/11/1,13.26,8.16,10.71,65,91.85114443,25.60555958,0.262507541,51.414,112,1
1994,12,1,1994/12/1,10.15,3.23,6.69194,78.6,89.45631934,21.01134293,0.222144795,51.414,112,1
1995,1,1,1995/1/1,8.31,1.99,5.15,128.1,84.6040805,22.14971014,0.215109678,51.414,112,1
1995,2,1,1995/2/1,10.44,4.41,7.425,87,81.11145713,47.43787754,0.20720878,51.414,112,1
1995,3,1,1995/3/1,10.67,1.14,5.90161,54.1,72.32715201,114.2329429,0.267489927,51.414,112,1
1995,4,1,1995/4/1,14.8,5.53,10.16333,23.4,72.84016663,154.0533376,0.320889953,51.414,112,1
1995,5,1,1995/5/1,18.54,6,12.27097,32,66.0812819,194.6461838,0.503159453,51.414,112,1
1995,6,1,1995/6/1,20.11,9.35,14.73167,8.2,70.26778403,192.8196807,0.519718362,51.414,112,0.823396986
1995,7,1,1995/7/1,25.91,12.88,19.39516,21.4,71.48853942,203.3179156,0.478158755,51.414,112,0.474119496
1995,8,1,1995/8/1,27.27,12.73,20.00161,1.7,61.90547416,189.0269236,0.456597917,51.414,112,0.238591473
1995,9,1,1995/9/1,18.36,9.1,13.73167,96.4,81.16324609,107.5441634,0.423599805,51.414,112,0.371345028
1995,10,1,1995/10/1,17.84,8.37,13.10161,30.4,84.01625545,67.65978804,0.467739492,51.414,112,0.684065029
1995,11,1,1995/11/1,11.53,3.79,7.65667,39.1,86.76518056,35.24617591,0.303025501,51.414,112,0.83333958
1995,12,1,1995/12/1,5.51,0.4,2.95806,101.9,90.07110978,15.995805,0.222144795,51.414,112,0.996640532
1996,1,1,1996/1/1,7.02,1.63,4.32419,49.4,89.87582647,20.09894164,0.133498384,51.414,112,1
1996,2,1,1996/2/1,6.07,-2.05,2.0069,59.6,84.82629598,59.09819855,0.20720878,51.414,112,1
1996,3,1,1996/3/1,8.49,0.19,4.33871,37.6,83.28795125,86.58439364,0.245293805,51.414,112,1
1996,4,1,1996/4/1,14,2.83,8.41167,33,71.33093258,139.1013436,0.282877087,51.414,112,1
1996,5,1,1996/5/1,14.39,2.6,8.49194,27.7,66.96689344,167.9873043,0.412156992,51.414,112,1
1996,6,1,1996/6/1,21.94,6.76,14.35,8.8,66.6080641,218.7834947,0.552193827,51.414,112,0.918332073
1996,7,1,1996/7/1,23.26,9.15,16.20645,37.3,69.31267602,195.0541653,0.507222421,51.414,112,0.654787839
1996,8,1,1996/8/1,22.25,9.1,15.67097,72.5,75.02062357,157.7718878,0.488352132,51.414,112,0.676297399
1996,9,1,1996/9/1,18.46,7.14,12.79667,12,79.122415,106.5874523,0.4360121,51.414,112,0.700952551
1996,10,1,1996/10/1,15.65,4.95,10.3,49.3,82.77101141,70.57617544,0.322800532,51.414,112,0.756733146
1996,11,1,1996/11/1,9.98,-0.36,4.81034,102.7,85.57922461,37.29196822,0.254106969,51.414,112,0.985845252
1996,12,1,1996/12/1,6.19,-1.55,2.32097,17.5,87.56512749,19.09771586,0.218067546,51.414,112,1
1997,1,1,1997/1/1,4.93,-1.6,1.66613,14.7,90.55950894,21.79209509,0.221513169,51.414,112,1
1997,2,1,1997/2/1,10.18,3.21,6.69643,60.9,81.46510922,41.17304362,0.20720878,51.414,112,1
1997,3,1,1997/3/1,13.37,4.27,8.82097,12.2,79.71570314,95.99077742,0.280204777,51.414,112,1
1997,4,1,1997/4/1,15.01,2.89,8.94833,11.3,74.5268511,154.5141446,0.320867522,51.414,112,1
1997,5,1,1997/5/1,18.17,5.63,11.90323,28.6,85.23899252,206.8928507,0.482173353,51.414,112,0.931535115
1997,6,1,1997/6/1,19.93,10.33,15.12833,70.5,88.72573458,167.6519176,0.510308564,51.414,112,0.837510276
1997,7,1,1997/7/1,23.15,11.75,17.45161,37.9,91.71822422,192.2760737,0.518132748,51.414,112,0.726812761
1997,8,1,1997/8/1,24.81,14,19.40161,96.3,87.3031041,155.3718244,0.46700509,51.414,112,0.762810422
1997,9,1,1997/9/1,20.24,9.26,14.75,15.1,90.67887335,123.351287,0.451816873,51.414,112,0.819807933
1997,10,1,1997/10/1,15.65,5.17,10.41452,63.4,91.18183781,75.0011218,0.369349116,51.414,112,0.925234663
1997,11,1,1997/11/1,12.14,4.14,8.14,67.9,88.37728268,31.29975319,0.235841906,51.414,112,1
1997,12,1,1997/12/1,9.71,2.95,6.32903,58.9,88.37189224,17.65190719,0.222144795,51.414,112,1
1998,1,1,1998/1/1,8.9,2,5.45,84.7,83.11990686,26.02258662,0.198327005,51.414,112,1
1998,2,1,1998/2/1,11.24,2.5,6.87321,8.8,85.53379433,60.73336733,0.214796017,51.414,112,1
1998,3,1,1998/3/1,11.72,4.06,7.88871,48.4,80.84966405,79.45754146,0.238119592,51.414,112,1
1998,4,1,1998/4/1,12.55,3.91,8.23167,102.9,82.39895527,134.0693449,0.325772392,51.414,112,1
1998,5,1,1998/5/1,19.43,7.61,13.51935,25,86.6574502,194.6515717,0.50264073,51.414,112,1
1998,6,1,1998/6/1,19.35,10.49,14.92,86.2,79.34044544,167.9398007,0.572082777,51.414,112,1
1998,7,1,1998/7/1,20.44,11.48,15.95968,29.4,72.893171,157.3154844,0.556959894,51.414,112,1
1998,8,1,1998/8/1,22.88,10.35,16.61452,17.6,74.39797414,170.4694323,0.474631818,51.414,112,0.960352239
1998,9,1,1998/9/1,20.01,11.13,15.57,88.4,83.35986758,104.991485,0.442048166,51.414,112,0.981359308
1998,10,1,1998/10/1,14.81,7.44,11.12097,87.4,84.08662234,58.14507672,0.387723411,51.414,112,1
1998,11,1,1998/11/1,9.66,2.16,5.90667,102.9,86.30123859,33.73787868,0.2508191,51.414,112,1
1998,12,1,1998/12/1,9.35,2.64,5.99355,54.7,86.18492766,17.8236596,0.222144795,51.414,112,1
1999,1,1,1999/1/1,9.36,2.71,6.03387,97.2,86.17389786,21.80779157,0.164065724,51.414,112,1
1999,2,1,1999/2/1,8.49,1.64,5.0625,25.5,80.514944,54.81826217,0.20720878,51.414,112,1
1999,3,1,1999/3/1,11.79,3.06,7.42581,28.3,80.19505273,89.79227616,0.252067514,51.414,112,1
1999,4,1,1999/4/1,14.65,4.71,9.67833,41.4,78.51435597,142.503158,0.280819649,51.414,112,1
1999,5,1,1999/5/1,18.95,8.34,13.64194,38.1,76.33724531,169.2138321,0.514833624,51.414,112,1
1999,6,1,1999/6/1,20.01,8.72,14.36167,81.8,93.65141562,190.2527714,0.56702392,51.414,112,1
1999,7,1,1999/7/1,24.27,12.26,18.26774,22.7,94.58981292,205.4255835,0.544997219,51.414,112,0.983754213
1999,8,1,1999/8/1,22.72,10.7,16.70645,126,92.78643086,142.4886059,0.493397187,51.414,112,0.992944161
1999,9,1,1999/9/1,21.14,10.01,15.575,107.6,92.23393235,111.2125787,0.465650805,51.414,112,1
1999,10,1,1999/10/1,15.33,5.68,10.50484,68,93.95354093,69.81325914,0.384735521,51.414,112,1
1999,11,1,1999/11/1,11.36,4.65,8.005,37.4,94.2284615,35.94945815,0.274648286,51.414,112,1
1999,12,1,1999/12/1,8.68,1.49,5.08387,103.2,91.69712641,19.71899196,0.222144795,51.414,112,1
2000,1,1,2000/1/1,8.23,0.88,4.55484,19.1,88.2657968,28.36419386,0.219861226,51.414,112,1
2000,2,1,2000/2/1,10.32,2.52,6.42069,65.1,84.82660033,56.1738332,0.235380994,51.414,112,1
2000,3,1,2000/3/1,11.9,3.42,7.65806,21.8,87.89938042,93.26034638,0.333955438,51.414,112,1
2000,4,1,2000/4/1,12.59,3.61,8.1,139.5,87.23916745,134.6511198,0.313430878,51.414,112,1
2000,5,1,2000/5/1,18.23,7.87,13.04677,90.4,95.1772411,186.9369949,0.548022917,51.414,112,1
2000,6,1,2000/6/1,20.63,10.7,15.66667,18.1,96.31553984,180.0783733,0.563246492,51.414,112,1
2000,7,1,2000/7/1,20.73,10.81,15.76774,36.9,94.81976446,169.5849155,0.540032834,51.414,112,0.994399424
2000,8,1,2000/8/1,23.08,11.65,17.3629,36,96.24299227,161.7348096,0.462364698,51.414,112,0.888287367
2000,9,1,2000/9/1,19.53,10.55,15.04,91.1,93.86619971,94.35022059,0.393608764,51.414,112,0.984836532
2000,10,1,2000/10/1,14.41,7.06,10.73387,181.7,95.70172857,56.8393957,0.370641131,51.414,112,1
2000,11,1,2000/11/1,10.72,3.3,7.01333,114.3,93.50910817,31.39375303,0.243144433,51.414,112,1
2000,12,1,2000/12/1,8.74,3.45,6.09194,99.6,93.23507742,18.27185004,0.218502483,51.414,112,1
2001,1,1,2001/1/1,7.07,-0.09,3.49032,96.3,90.67705676,26.70508382,0.207137783,51.414,112,1
2001,2,1,2001/2/1,9.12,1.17,5.14643,75.9,88.46049051,52.8567852,0.174434077,51.414,112,1
2001,3,1,2001/3/1,9.01,2.41,5.71129,129.5,86.74372625,74.37860893,0.24488623,51.414,112,1
2001,4,1,2001/4/1,12.66,4.05,8.35167,83.9,92.39687366,136.1430514,0.334696419,51.414,112,1
2001,5,1,2001/5/1,18.96,7.16,13.0629,40.5,94.5096566,194.0090125,0.482530721,51.414,112,1
2001,6,1,2001/6/1,20.53,8.74,14.635,27.6,83.51209746,207.322195,0.561277589,51.414,112,0.997674065
2001,7,1,2001/7/1,23.72,12.28,17.99677,61.4,90.64357513,181.0829393,0.569429244,51.414,112,0.933515168
2001,8,1,2001/8/1,23.34,12,17.66935,62.1,95.18196429,151.2679167,0.526452323,51.414,112,0.95233828
2001,9,1,2001/9/1,17.84,9.17,13.50667,70,92.83076379,99.07598397,0.526850511,51.414,112,0.999009209
2001,10,1,2001/10/1,17.29,10.15,13.71935,117.2,92.69843988,64.22449665,0.421589661,51.414,112,1
2001,11,1,2001/11/1,11.08,2.97,7.02667,28.5,89.74681008,34.97351385,0.255562394,51.414,112,1
2001,12,1,2001/12/1,7.81,-0.45,3.67581,28.8,88.86810247,23.84626632,0.187319345,51.414,112,1
2002,1,1,2002/1/1,9.07,1.97,5.51774,66,89.85058512,20.41041899,0.046172824,51.414,112,1
2002,2,1,2002/2/1,11.4,3.73,7.5625,81.5,84.16428339,52.46196355,0.20914042,51.414,112,1
2002,3,1,2002/3/1,12.32,3.47,7.89516,45.8,81.52361968,92.83109392,0.194590393,51.414,112,1
2002,4,1,2002/4/1,15.69,4.13,9.91,27.9,83.63264696,166.992929,0.347575424,51.414,112,1
2002,5,1,2002/5/1,16.81,7.98,12.39677,72.1,87.75936421,174.4521286,0.529111518,51.414,112,1
2002,6,1,2002/6/1,19.68,9.47,14.575,54.6,96.16141613,174.6687153,0.54967634,51.414,112,1
2002,7,1,2002/7/1,21.7,11.48,16.5871,50.7,96.29387052,164.8362385,0.542901481,51.414,112,1
2002,8,1,2002/8/1,22.85,12.26,17.55806,133.4,96.56429503,149.5050995,0.479517574,51.414,112,1
2002,9,1,2002/9/1,19.87,8.18,14.025,20.9,94.89505745,116.4116472,0.456706612,51.414,112,1
2002,10,1,2002/10/1,15.16,6.55,10.85645,73.4,95.78200964,60.74316821,0.390126106,51.414,112,1
2002,11,1,2002/11/1,11.89,5.31,8.60167,155.2,95.7576304,26.24260953,0.201949585,51.414,112,1
2002,12,1,2002/12/1,9.05,4.24,6.64032,120.3,95.25878709,13.58078865,0.222144795,51.414,112,1
2003,1,1,2003/1/1,8.01,1.3,4.65484,76.7,88.9418048,27.97377896,0.215109678,51.414,112,1
2003,2,1,2003/2/1,8.17,0.15,4.1625,29,85.08254326,54.71277889,0.207368494,51.414,112,1
2003,3,1,2003/3/1,13.43,2.29,7.85645,25.8,77.68898458,118.5156074,0.229045571,51.414,112,1
2003,4,1,2003/4/1,15.69,3.57,9.63167,24.9,64.24153656,152.712206,0.298659854,51.414,112,1
2003,5,1,2003/5/1,17.36,6.95,12.15968,56.9,75.06196998,181.2355102,0.514833624,51.414,112,1
2003,6,1,2003/6/1,22.8,10.94,16.87,47.9,90.38754967,202.6279529,0.572082777,51.414,112,0.993950099
2003,7,1,2003/7/1,23.5,12.41,17.95323,39.5,92.91539333,183.1270469,0.545891447,51.414,112,0.842574864
2003,8,1,2003/8/1,25.96,13.19,19.57903,12.9,90.10876699,178.6887061,0.52377821,51.414,112,0.5881735
2003,9,1,2003/9/1,21.55,7.06,14.305,9.4,85.18503883,131.1692996,0.442620371,51.414,112,0.438059906
2003,10,1,2003/10/1,14.54,4.61,9.57419,34.8,86.9201865,78.08407023,0.360134888,51.414,112,0.47271012
2003,11,1,2003/11/1,12.08,4.59,8.33333,127.6,90.56042793,31.81241107,0.262507541,51.414,112,0.886875056
2003,12,1,2003/12/1,8.79,1.41,5.09839,67,89.78465828,16.62773773,0.222144795,51.414,112,1
2004,1,1,2004/1/1,8.26,2.61,5.43387,79.2,86.57713519,24.07366321,0.215109678,51.414,112,1
2004,2,1,2004/2/1,8.99,2.82,5.90517,30.6,81.93320236,53.05847473,0.20720878,51.414,112,1
2004,3,1,2004/3/1,10.35,2.41,6.38065,36.5,81.81998138,90.4143322,0.233506966,51.414,112,1
2004,4,1,2004/4/1,15.17,3.92,9.54667,67.1,82.31406249,140.8437358,0.362007947,51.414,112,1
2004,5,1,2004/5/1,17.98,7.38,12.68226,43.6,90.29699627,168.0641938,0.574331947,51.414,112,1
2004,6,1,2004/6/1,21.74,10.65,16.195,44.8,83.38061023,183.617073,0.630738097,51.414,112,1
2004,7,1,2004/7/1,22.04,11.09,16.5629,26.9,83.14578126,179.9753031,0.454889585,51.414,112,0.957092838
2004,8,1,2004/8/1,23.84,13.34,18.58871,76.8,89.82601024,160.1706796,0.47936765,51.414,112,0.913331895
2004,9,1,2004/9/1,20.54,11.26,15.89833,23.5,87.72897874,110.9028133,0.408290465,51.414,112,0.964088407
2004,10,1,2004/10/1,15.16,7.26,11.21129,103.7,86.81392182,61.08035745,0.397041161,51.414,112,0.99804526
2004,11,1,2004/11/1,10.74,4.53,7.63167,32.6,89.55466085,28.0636298,0.272761973,51.414,112,1
2004,12,1,2004/12/1,8.03,1.6,4.81774,49,91.34284207,19.83164629,0.218067546,51.414,112,1
2005,1,1,2005/1/1,9.12,3.1,6.10645,21.7,84.76868705,26.04952337,0.198959631,51.414,112,1
2005,2,1,2005/2/1,7.03,1.41,4.21964,19,86.916885,52.79899133,0.20720878,51.414,112,1
2005,3,1,2005/3/1,10.79,3.67,7.22742,41.9,83.53197292,89.52217561,0.225856079,51.414,112,1
2005,4,1,2005/4/1,13.78,4.74,9.26,51.7,80.30720411,138.4072149,0.351159029,51.414,112,1
2005,5,1,2005/5/1,17.12,6.79,11.95484,16.2,73.54842796,187.850026,0.572717687,51.414,112,1
2005,6,1,2005/6/1,22,10.27,16.135,33.5,75.99091782,193.1533617,0.58065632,51.414,112,0.950372094
2005,7,1,2005/7/1,22.44,12.09,17.26452,47.4,86.17843505,172.3825909,0.538543731,51.414,112,0.792677215
2005,8,1,2005/8/1,21.91,10.51,16.21129,74.3,86.73443342,156.9431828,0.424568872,51.414,112,0.781458822
2005,9,1,2005/9/1,20.94,10.44,15.68833,46.4,84.82364661,109.0148843,0.459388858,51.414,112,0.913926197
2005,10,1,2005/10/1,17.16,9.78,13.46935,75.5,90.54750794,60.88751795,0.287357303,51.414,112,0.997263318
2005,11,1,2005/11/1,10.21,1.83,6.01667,43.5,88.49947858,36.42486646,0.29214002,51.414,112,1
2005,12,1,2005/12/1,7.66,0.53,4.09355,55.4,88.58650474,23.10181045,0.222144795,51.414,112,1
2006,1,1,2006/1/1,7.29,1.58,4.43548,19.8,89.54168443,23.91589588,0.215109678,51.414,112,1
2006,2,1,2006/2/1,6.44,0.4,3.41786,44.6,86.31082953,51.41823484,0.20720878,51.414,112,1
2006,3,1,2006/3/1,8.59,1.73,5.15968,45.9,79.70281986,88.90686717,0.24488623,51.414,112,1
2006,4,1,2006/4/1,13.66,4.35,9.005,31.1,77.15767526,134.3948095,0.317088626,51.414,112,1
2006,5,1,2006/5/1,17.22,7.94,12.57903,97,80.94379636,165.0465381,0.51079024,51.414,112,1
2006,6,1,2006/6/1,22.48,9.8,16.14167,16.5,83.9781958,218.2781846,0.569769124,51.414,112,1
2006,7,1,2006/7/1,27.49,13.16,20.32581,30.3,89.16842503,218.6614808,0.506591859,51.414,112,0.854339572
2006,8,1,2006/8/1,21.26,11.24,16.25323,86.9,92.45291639,144.643372,0.54750229,51.414,112,0.823874726
2006,9,1,2006/9/1,22.14,11.96,17.05,71.9,91.48533386,114.1367337,0.444581956,51.414,112,0.988184495
2006,10,1,2006/10/1,17.36,8.92,13.14194,87.5,87.06365207,61.00738264,0.390126106,51.414,112,1
2006,11,1,2006/11/1,12.43,2.95,7.68833,107,89.75708842,38.71452001,0.28747579,51.414,112,1
2006,12,1,2006/12/1,9.34,3.56,6.44839,69.5,89.76826793,18.58271966,0.222144795,51.414,112,1
2007,1,1,2007/1/1,10.2,4.76,7.47742,71.7,87.25101394,26.1509535,0.215109678,51.414,112,1
2007,2,1,2007/2/1,9.3,2.69,5.99464,92.6,91.29210973,48.77837922,0.20720878,51.414,112,1
2007,3,1,2007/3/1,11.77,3.17,7.47097,53,80.14330094,109.3453382,0.248522211,51.414,112,1
2007,4,1,2007/4/1,18.2,5.46,11.82833,1.7,76.0337801,178.3493312,0.388956212,51.414,112,1
2007,5,1,2007/5/1,17.24,8.38,12.80968,106.7,78.30688147,154.5897329,0.514833624,51.414,112,1
2007,6,1,2007/6/1,20.59,11.38,15.98667,62.3,82.0407099,179.922048,0.572082777,51.414,112,1
2007,7,1,2007/7/1,20.25,11.88,16.0629,158,79.04786915,170.1873394,0.543178332,51.414,112,1
2007,8,1,2007/8/1,20.91,10.93,15.91935,43.4,79.22082929,151.530729,0.499141799,51.414,112,1
2007,9,1,2007/9/1,18.99,9.22,14.105,23,83.54477164,105.3800677,0.473761546,51.414,112,1
2007,10,1,2007/10/1,14.77,6.29,10.53065,43.7,92.37021505,55.94047622,0.370997457,51.414,112,1
2007,11,1,2007/11/1,11.09,3.44,7.26333,62.2,90.16155566,34.3566908,0.257414869,51.414,112,1
2007,12,1,2007/12/1,9.63,1.67,5.65161,60.4,88.20709224,22.15506055,0.222144795,51.414,112,1
2008,1,1,2008/1/1,9.65,3.82,6.73065,82.1,87.27820709,22.88869246,0.215109678,51.414,112,1
2008,2,1,2008/2/1,10.34,0.19,5.26379,18.8,87.83537432,62.17010418,0.20720878,51.414,112,1
2008,3,1,2008/3/1,10.07,2.96,6.51774,78.2,79.29961396,95.42177699,0.246004327,51.414,112,1
2008,4,1,2008/4/1,13.07,3.75,8.40667,52.5,78.10987405,150.6248118,0.330165806,51.414,112,1
2008,5,1,2008/5/1,19.25,8.4,13.82742,79.9,78.68395483,178.7719453,0.514244637,51.414,112,1
2008,6,1,2008/6/1,19.72,10.05,14.88667,51.3,83.91130405,198.5732022,0.570118409,51.414,112,1
2008,7,1,2008/7/1,21.52,11.67,16.59355,79.4,82.1213062,183.1020592,0.586568946,51.414,112,1
2008,8,1,2008/8/1,20.43,13,16.7129,54.6,87.23997207,128.0398179,0.47936765,51.414,112,1
2008,9,1,2008/9/1,18.08,8.75,13.41333,40.1,87.4360691,99.04725912,0.40639606,51.414,112,1
2008,10,1,2008/10/1,14.26,4.71,9.48226,50.5,90.57873495,68.89235382,0.357552932,51.414,112,1
2008,11,1,2008/11/1,10.38,3.99,7.185,69.6,92.28484683,24.92986094,0.259742054,51.414,112,1
2008,12,1,2008/12/1,6.84,0.84,3.83871,45.2,91.45783349,21.48777659,0.218067546,51.414,112,1
2009,1,1,2009/1/1,5.85,-0.3,2.77258,79.3,92.24766342,28.26085355,0.202706307,51.414,112,1
2009,2,1,2009/2/1,6.97,1.88,4.42321,69.2,89.61176881,46.35648015,0.216400445,51.414,112,1
2009,3,1,2009/3/1,11.85,2.64,7.24355,34.2,80.24992759,106.6905204,0.243394631,51.414,112,1
2009,4,1,2009/4/1,15.46,5.34,10.4,23.5,80.32815023,148.0166498,0.308596023,51.414,112,1
2009,5,1,2009/5/1,17.92,7.67,12.79516,28.5,77.65389724,179.1278061,0.514833624,51.414,112,1
2009,6,1,2009/6/1,21.37,9.88,15.625,45.2,87.16023244,193.8513468,0.583399105,51.414,112,0.919459662
2009,7,1,2009/7/1,21.68,12.35,17.01129,57.8,90.6953404,177.9776404,0.556150487,51.414,112,0.84226622
2009,8,1,2009/8/1,22.36,11.68,17.01935,32.3,85.44178783,140.3368169,0.489991817,51.414,112,0.739641709
2009,9,1,2009/9/1,19.67,9.78,14.725,34.8,81.79846124,111.4823208,0.455628206,51.414,112,0.711284389
2009,10,1,2009/10/1,15.35,7.23,11.29194,37.7,88.4583741,55.14983426,0.43991213,51.414,112,0.826444176
2009,11,1,2009/11/1,11.98,6.14,9.06,155.5,89.27113951,31.75084233,0.280881804,51.414,112,0.995837803
2009,12,1,2009/12/1,6.06,-0.66,2.7,163.7,90.37907804,22.73080399,0.222144795,51.414,112,1
2010,1,1,2010/1/1,3.28,-2.15,0.56537,70,89.93977,24.9276,0.202125981,51.414,112,1
2010,2,1,2010/2/1,5.55,0.02,2.78598,95.2,88.22241,41.31369,0.106919181,51.414,112,1
2010,3,1,2010/3/1,9.82,1.29,5.55521,48.6,80.0187,93.19631,0.24488623,51.414,112,1
2010,4,1,2010/4/1,14.15,1.74,7.94217,21.9,71.57344,163.40693,0.304142779,51.414,112,1
2010,5,1,2010/5/1,15.76,3.69,9.72682,32.6,73.08258,173.10394,0.501597479,51.414,112,1
2010,6,1,2010/6/1,21.58,7.84,14.70667,4.4,71.65667,216.57178,0.546594219,51.414,112,0.857645667
2010,7,1,2010/7/1,23.19,11.25,17.22031,34.8,71.78206,187.56145,0.521220311,51.414,112,0.580085965
2010,8,1,2010/8/1,20.17,10.26,15.21484,95,78.87349,133.68827,0.479517574,51.414,112,0.679851494
2010,9,1,2010/9/1,18.23,7.66,12.94153,43.6,82.39665,104.75191,0.458086881,51.414,112,0.881045803
2010,10,1,2010/10/1,14.33,5.29,9.81206,87.6,85.84187,64.88244,0.390828153,51.414,112,0.997093104
2010,11,1,2010/11/1,8.3,1.6,4.95058,52.4,88.56331,30.7671,0.300817622,51.414,112,1
2010,12,1,2010/12/1,2.31,-3.85,-0.76984,30.4,90.08214,14.99947,0.222144795,51.414,112,1
2011,1,1,2011/1/1,6.1,0.84,3.46832,79.3,88.31315,22.46463,0.215109678,51.414,112,1
2011,2,1,2011/2/1,8.81,2.6,5.70902,51.7,88.37815,35.61893,0.20720878,51.414,112,1
2011,3,1,2011/3/1,10.7,0.55,5.62674,17,81.54726,91.05451,0.24488623,51.414,112,1
2011,4,1,2011/4/1,18.12,4.8,11.45938,1.3,71.3409,166.36149,0.416819778,51.414,112,1
2011,5,1,2011/5/1,17.35,6.09,11.71905,27.7,70.23819,193.96222,0.535422974,51.414,112,0.905144801
2011,6,1,2011/6/1,18.85,8.06,13.45388,92.7,78.01689,188.4971,0.548276637,51.414,112,0.843808888
2011,7,1,2011/7/1,20.07,8.88,14.47727,52,75.81351,185.996,0.535043008,51.414,112,0.892672197
2011,8,1,2011/8/1,20.43,10.26,15.34758,76.5,79.44874,144.98029,0.479517574,51.414,112,0.922273911
2011,9,1,2011/9/1,19.6,9.01,14.30772,42.3,82.04608,117.86498,0.465697636,51.414,112,1
2011,10,1,2011/10/1,17.18,6.43,11.80397,26,83.39743,78.56939,0.398419349,51.414,112,1
2011,11,1,2011/11/1,12.53,4.7,8.6144,45.5,91.51593,31.13045,0.265906467,51.414,112,1
2011,12,1,2011/12/1,8.93,1.99,5.46052,83.5,83.82483,23.38691,0.229291735,51.414,112,1
2012,1,1,2012/1/1,9.04,0.98,5.01239,42.1,84.53305,30.24364,0.215109678,51.414,112,1
2012,2,1,2012/2/1,6.64,-0.9,2.87238,17.8,81.98506,55.61183,0.20720878,51.414,112,1
2012,3,1,2012/3/1,14.07,1.13,7.59848,20.2,78.20579,113.15547,0.246004327,51.414,112,1
2012,4,1,2012/4/1,11.74,2.43,7.08277,121.5,78.83925,127.47741,0.330165806,51.414,112,1
2012,5,1,2012/5/1,17.02,7.43,12.22427,49.7,76.83888,166.90557,0.517564656,51.414,112,1
2012,6,1,2012/6/1,18.09,9.56,13.82568,132.8,80.27407,160.01925,0.574242353,51.414,112,1
2012,7,1,2012/7/1,20.36,11.13,15.74415,84.7,80.11905,171.82134,0.536440202,51.414,112,1
2012,8,1,2012/8/1,22.24,11.3,16.77074,37.7,79.87327,157.99114,0.330684675,51.414,112,1
2012,9,1,2012/9/1,18.95,6.59,12.77175,53,80.26382,123.5131,0.4803786,51.414,112,1
2012,10,1,2012/10/1,13.46,5.82,9.64013,102.7,88.79798,57.19112,0.386170864,51.414,112,1
2012,11,1,2012/11/1,10.16,2.18,6.16602,87,90.06843,34.69685,0.275207141,51.414,112,1
2012,12,1,2012/12/1,8.06,0.89,4.47605,113.7,88.98562,21.2895,0.215396032,51.414,112,1
2013,1,1,2013/1/1,5.86,1.01,3.43352,64,88.7338,22.41053,0.215109678,51.414,112,1
2013,2,1,2013/2/1,5.98,-3.36,1.31393,45.5,78.26894,46.16463,0.20720878,51.414,112,1
2013,3,1,2013/3/1,5.94,-0.37,2.78558,85.6,75.8152,67.63201,0.24488623,51.414,112,1
2013,4,1,2013/4/1,12.11,2.43,7.272,42.3,69.89201,147.66715,0.302126057,51.414,112,1
2013,5,1,2013/5/1,14.95,4.94,9.94271,50.9,72.955,164.28348,0.514833624,51.414,112,1
2013,6,1,2013/6/1,18.69,8.53,13.60965,17.1,73.89099,179.76227,0.581090719,51.414,112,1
2013,7,1,2013/7/1,25.61,10.87,18.24168,22.5,71.38966,215.95287,0.55728969,51.414,112,0.838099629
2013,8,1,2013/8/1,23.3,10.78,17.03979,41.1,75.9902,165.38377,0.429443923,51.414,112,0.650062507
2013,9,1,2013/9/1,18.91,7.81,13.3604,54.5,87.00696,98.30248,0.467258866,51.414,112,0.733488761
2013,10,1,2013/10/1,16.19,8.06,12.12532,110.7,93.64128,55.86643,0.390126106,51.414,112,0.97954303
2013,11,1,2013/11/1,9.69,2.2,5.94592,56.1,93.16638,34.32713,0.262507541,51.414,112,1
2013,12,1,2013/12/1,9.32,1.59,5.4551,111.6,93.4256,19.72365,0.222144795,51.414,112,1
2014,1,1,2014/1/1,9.1,1.82,5.46045,177,95.03754,26.79525,0.236528757,51.414,112,1
2014,2,1,2014/2/1,9.31,2.78,6.04666,132.6,85.7446,53.2861,0.213752581,51.414,112,1
2014,3,1,2014/3/1,12.12,1.19,6.6539,40.8,90.29702,101.86916,0.258279009,51.414,112,1
2014,4,1,2014/4/1,14.28,3.57,8.92942,126.3,90.11684,139.45052,0.400659501,51.414,112,1
2014,5,1,2014/5/1,16.58,6.49,11.53397,169.6,90.8309,164.19358,0.483092016,51.414,112,1
2014,6,1,2014/6/1,20.74,8.49,14.61338,92.8,89.82507,206.5764,0.616256687,51.414,112,1
2014,7,1,2014/7/1,24.47,11.11,17.79235,56.9,88.23892,208.27015,0.548203102,51.414,112,1
2014,8,1,2014/8/1,21.48,9.52,15.50136,94.4,90.05843,159.23747,0.529319914,51.414,112,1
2014,9,1,2014/9/1,20.76,8.06,14.41125,7.2,97.69807,108.50067,0.502317817,51.414,112,1
2014,10,1,2014/10/1,16.26,7.91,12.08303,97.4,99.427,58.67747,0.441551673,51.414,112,1
2014,11,1,2014/11/1,11.8,0.36,6.0777,10.6,98.21546,30.38308,0.294490503,51.414,112,1
2014,12,1,2014/12/1,8.44,1.22,4.82987,53.5,84.61165,23.21748,0.222144795,51.414,112,1
2015,1,1,2015/1/1,8.06,0.11,4.08447,0,82.60816,28.70776,0.219872522,51.414,112,1
2015,2,1,2015/2/1,6.76,-0.03,3.36659,15.2,82.48734,44.8405,0.182252396,51.414,112,1
2015,3,1,2015/3/1,10.55,1.9,6.22585,27.3,74.98991,90.65543,0.282597059,51.414,112,1
2015,4,1,2015/4/1,15.24,2.6,8.91963,20.8,71.77133,158.11031,0.320433218,51.414,112,1
2015,5,1,2015/5/1,16.21,6.25,11.22665,52.4,71.72105,174.09481,0.592844955,51.414,112,1
2015,6,1,2015/6/1,20.18,8.29,14.23257,17.3,68.9731,198.0743,0.600945616,51.414,112,0.955709579
2015,7,1,2015/7/1,22.42,10.39,16.407,72.5,71.96453,167.57858,0.599920516,51.414,112,0.849399087
2015,8,1,2015/8/1,21.05,10.67,15.86168,111.3,79.31391,127.77614,0.430336821,51.414,112,0.997744109
2015,9,1,2015/9/1,17.72,5.87,11.79788,79.3,81.84501,115.12971,0.465510717,51.414,112,1
2015,10,1,2015/10/1,14.87,5.86,10.36518,55,87.4254,57.41969,0.42647974,51.414,112,1
2015,11,1,2015/11/1,12.44,6.26,9.35037,65.7,85.04588,23.33396,0.262507541,51.414,112,1
2015,12,1,2015/12/1,12.71,7.58,10.14524,62.2,80.35554,17.57845,0.222144795,51.414,112,1
2016,1,1,2016/1/1,8.47,0.84,4.65511,103.6,85.04417,25.28838,0.224009879,51.414,112,1
2016,2,1,2016/2/1,8.42,0.98,4.70319,59.4,77.77568,50.76505,0.221897955,51.414,112,1
2016,3,1,2016/3/1,9.64,0.91,5.27645,88,79.3555,85.12642,0.255926069,51.414,112,1
2016,4,1,2016/4/1,12.37,2.54,7.45382,41.5,74.12556,138.58524,0.32559463,51.414,112,1
2016,5,1,2016/5/1,17.75,6.71,12.22826,50.2,74.68356,175.46593,0.529461349,51.414,112,1
2016,6,1,2016/6/1,19.06,10.89,14.97042,157.1,83.31514,147.45306,0.574242353,51.414,112,1
2016,7,1,2016/7/1,22.12,11.6,16.86155,28.4,76.58487,176.40697,0.536440202,51.414,112,1
2016,8,1,2016/8/1,23.16,11.38,17.272,32.1,76.53984,161.34002,0.521971096,51.414,112,1
2016,9,1,2016/9/1,20.93,10.55,15.74273,36.6,83.45003,92.93698,0.573882027,51.414,112,1
2016,10,1,2016/10/1,14.94,4.8,9.87056,46,86.4128,65.54407,0.388040744,51.414,112,1
2016,11,1,2016/11/1,10.05,1.35,5.69825,92.1,87.85725,33.09927,0.262214526,51.414,112,1
2016,12,1,2016/12/1,9.35,0.86,5.10587,12.4,92.28587,20.01831,0.218067546,51.414,112,1
2017,1,1,2017/1/1,6.81,-1.46,2.6764,76.2,90.97902,26.00897,0.194663501,51.414,112,1
2017,2,1,2017/2/1,9.1,2.6,5.84829,46.1,87.79079,38.96306,0.20720878,51.414,112,1
2017,3,1,2017/3/1,12.85,4.71,8.77979,39.1,79.71918,86.62054,0.259038124,51.414,112,1
2017,4,1,2017/4/1,14.41,2.24,8.32747,3.5,71.95422,142.66091,0.331592897,51.414,112,1
2017,5,1,2017/5/1,17.72,7.1,12.41047,88.1,78.76897,155.72507,0.598468459,51.414,112,1
2017,6,1,2017/6/1,22.09,10.8,16.44455,49.7,74.9655,192.68864,0.607245748,51.414,112,1
2017,7,1,2017/7/1,22.26,11.81,17.03739,94,76.59289,169.84501,0.538543731,51.414,112,1
2017,8,1,2017/8/1,20.9,10,15.45016,76.4,81.65109,142.7359,0.545608788,51.414,112,1
2017,9,1,2017/9/1,18.12,7.87,12.99813,72.5,86.45101,100.52089,0.491585482,51.414,112,1
2017,10,1,2017/10/1,15.96,7.76,11.86063,30.3,85.57824,56.51931,0.390126106,51.414,112,1
2017,11,1,2017/11/1,10.19,1.76,5.97515,39.3,87.14019,32.67876,0.260280492,51.414,112,1
2017,12,1,2017/12/1,7.33,0.9,4.11127,94.2,88.48606,18.72238,0.222144795,51.414,112,1
2018,1,1,2018/1/1,8.66,2.05,5.3565,74.3,85.65071,22.87939,0.252842899,51.414,112,1
2018,2,1,2018/2/1,6.16,-1.95,2.10457,38.2,80.35264,61.8384,0.239602291,51.414,112,1
2018,3,1,2018/3/1,9.15,1.95,5.55237,80.6,83.80424,63.90866,0.24488623,51.414,112,1
2018,4,1,2018/4/1,15.09,6.65,10.87252,87.3,81.37168,101.96014,0.353057911,51.414,112,1
2018,5,1,2018/5/1,20.02,6.98,13.5001,56.4,76.12938,190.71661,0.533370625,51.414,112,1
2018,6,1,2018/6/1,23.32,10.28,16.79743,2.8,73.68926,209.84365,0.578148499,51.414,112,0.966209679
2018,7,1,2018/7/1,28.03,12.28,20.15926,16.7,67.29636,203.55211,0.553835977,51.414,112,0.644425027
2018,8,1,2018/8/1,24.25,11.43,17.8424,31.1,76.40071,140.32197,0.401520089,51.414,112,0.475323208
2018,9,1,2018/9/1,20.7,7.53,14.11942,39,78.63776,114.52202,0.448522023,51.414,112,0.500622975
2018,10,1,2018/10/1,16.51,5.49,10.99729,76.2,85.22625,72.03792,0.40819032,51.414,112,0.737793086
2018,11,1,2018/11/1,12.34,3.58,7.96088,73,90.1155,32.19317,0.303261476,51.414,112,0.99198694
2018,12,1,2018/12/1,10.89,3.77,7.33273,73.7,89.98317,19.66858,0.227071018,51.414,112,1
2019,1,1,2019/1/1,7.89,0.58,4.23527,34.9,85.50734,28.26157,0.227236952,51.414,112,1
2019,2,1,2019/2/1,12.16,0.71,6.43475,49.7,87.26756,63.18067,0.22852063,51.414,112,1
2019,3,1,2019/3/1,13.19,4.52,8.85494,60,78.79999,94.89702,0.248093386,51.414,112,1
2019,4,1,2019/4/1,15.49,2.93,9.21202,22.5,76.38583,146.28243,0.369091419,51.414,112,1
2019,5,1,2019/5/1,17.75,5.21,11.47895,46.8,76.84711,184.64884,0.498215311,51.414,112,1
2019,6,1,2019/6/1,20.67,9.84,15.25692,115.9,80.34656,187.94809,0.641205584,51.414,112,1
2019,7,1,2019/7/1,24.91,11.84,18.37394,48.9,75.25565,209.87761,0.547118469,51.414,112,1
2019,8,1,2019/8/1,24.34,11.44,17.8914,39.6,78.38831,178.02387,0.488110897,51.414,112,1
2019,9,1,2019/9/1,21.22,8.68,14.95255,73.9,82.0419,126.33861,0.469547971,51.414,112,1
2019,10,1,2019/10/1,15.46,6.15,10.80561,117,89.92288,59.10336,0.397756561,51.414,112,1
2019,11,1,2019/11/1,10.36,2.32,6.3373,106.5,93.94533,29.72976,0.27927687,51.414,112,1
2019,12,1,2019/12/1,10.19,2.48,6.33573,116.3,90.71765,23.21159,0.226328588,51.414,112,1
2020,1,1,2020/1/1,10.09,3.67,6.87684,66.2,90.39727,25.71919,0.229650833,51.414,112,1
2020,2,1,2020/2/1,11.28,3.32,7.29847,126,81.83364,48.3753,0.217265606,51.414,112,1
2020,3,1,2020/3/1,11.83,2.42,7.12619,50.7,77.50851,103.4431,0.262672948,51.414,112,1
2020,4,1,2020/4/1,18.11,3.57,10.84338,38.2,71.92988,179.3054,0.385060457,51.414,112,1
2020,5,1,2020/5/1,20.15,5.72,12.9345,13.9,66.56027,255.01951,0.553556999,51.414,112,0.970679951
2020,6,1,2020/6/1,21.81,10.26,16.03582,65.8,76.36374,205.18355,0.584798983,51.414,112,0.814399322
2020,7,1,2020/7/1,22.32,10.89,16.60402,42.5,75.8138,201.92035,0.576853596,51.414,112,0.667989291
2020,8,1,2020/8/1,25.59,13.45,19.52119,76.9,78.87286,165.85725,0.506662074,51.414,112,0.676941616
2020,9,1,2020/9/1,21.31,8.46,14.88437,8.3,81.23853,131.27347,0.473235057,51.414,112,0.655339371
2020,10,1,2020/10/1,15.2,7.08,11.14173,96.9,91.41777,58.04813,0.410635148,51.414,112,0.797191504
2020,11,1,2020/11/1,13.08,4.58,8.83313,66.7,92.33297,33.27692,0.259742054,51.414,112,1
2020,12,1,2020/12/1,8.99,2.18,5.58629,74.8,94.04634,18.96761,0.218067546,51.414,112,1
2021,1,1,2021/1/1,7.28,0.69,3.98781,38.4,93.40668,22.82794,0.215109678,51.414,112,1
2021,2,1,2021/2/1,9.09,1.73,5.4098,82.4,84.57842,46.61391,0.243666077,51.414,112,1
2021,3,1,2021/3/1,11.71,2.43,7.07142,30.8,81.16422,90.31894,0.251603741,51.414,112,1
2021,4,1,2021/4/1,13.26,0.09,6.67532,12,70.29921,172.20607,0.310732621,51.414,112,1
2021,5,1,2021/5/1,15.59,5.47,10.53197,98.5,79.89544,170.22194,0.472875091,51.414,112,1
2021,6,1,2021/6/1,22.21,11,16.60247,102,82.72626,196.92482,0.593115217,51.414,112,1
2021,7,1,2021/7/1,23.95,12.77,18.35911,75.3,84.60782,203.61828,0.542227113,51.414,112,1
2021,8,1,2021/8/1,21.6,11.51,16.55547,60.8,84.91945,149.96196,0.479517574,51.414,112,1
2021,9,1,2021/9/1,21.97,10.36,16.16697,45.6,88.62949,115.57829,0.446791522,51.414,112,1
2021,10,1,2021/10/1,16.95,7.33,12.13976,116.2,91.30309,63.91326,0.390126106,51.414,112,1
2021,11,1,2021/11/1,11.62,2.43,7.0234,16.2,90.7924,31.59326,0.289886263,51.414,112,1
2021,12,1,2021/12/1,10.14,4.58,7.35648,76.7,92.20555,16.61875,0.222144795,51.414,112,1
2022,1,1,2022/1/1,9.05,0.27,4.65873,19.6,91.14442,27.65755,0.234336288,51.414,112,1
2022,2,1,2022/2/1,11.31,3.23,7.26927,57.2,82.1811,52.83912,0.213990321,51.414,112,1
2022,3,1,2022/3/1,13.25,2.32,7.78842,59.5,82.98167,102.98377,0.271427044,51.414,112,1
2022,4,1,2022/4/1,15.39,3.18,9.28337,21,74.57933,160.64514,0.372267247,51.414,112,1
2022,5,1,2022/5/1,19.14,8.21,13.67797,45.1,80.56651,184.86086,0.62295385,51.414,112,1
2022,6,1,2022/6/1,21.98,9.12,15.55193,33.3,76.84167,226.03603,0.58863334,51.414,112,0.904313384
2022,7,1,2022/7/1,26.46,11.68,19.07324,6.1,69.16706,229.01197,0.569939348,51.414,112,0.508581864
2022,8,1,2022/8/1,27.15,12.31,19.72997,49.7,72.47022,193.75233,0.510269488,51.414,112,0.335317718
2022,9,1,2022/9/1,20.4,9.27,14.83353,50.4,86.56092,113.90828,0.491437894,51.414,112,0.472362693
2022,10,1,2022/10/1,18.34,7.6,12.9696,85.1,91.5021,78.78395,0.379052749,51.414,112,0.749528568
2022,11,1,2022/11/1,13.62,6.45,10.0353,150.9,96.24611,30.94954,0.292414191,51.414,112,0.998958341
2022,12,1,2022/12/1,7.7,0.07,3.88673,54.7,99.46277,19.60959,0.232756745,51.414,112,1
2023,1,1,2023/1/1,8.98,1.45,5.21493,79.29,93.28447,30.56359,0.232763151,51.414,112,1
2023,2,1,2023/2/1,9.9,1.06,5.47863,0.55,83.21379,49.03471,0.259815137,51.414,112,1
2023,3,1,2023/3/1,9.95,3.34,6.64327,6.35,82.62887,72.43061,0.183847638,51.414,112,1
2023,4,1,2023/4/1,13.27,2.93,8.10468,86.09,77.85319,145.86138,0.286895471,51.414,112,1
2023,5,1,2023/5/1,17.46,6.14,11.80253,46,76.18323,204.46401,0.498280808,51.414,112,1
2023,6,1,2023/6/1,24.02,10.31,17.16495,28.25,69.9435,247.59538,0.552574239,51.414,112,0.977466218
2023,7,1,2023/7/1,20.69,11.37,16.02998,87.25,76.0162,182.42866,0.51900226,51.414,112,0.936254701
2023,8,1,2023/8/1,21.43,10.82,16.12418,74.5,81.27487,165.6464,0.469959689,51.414,112,1
2023,9,1,2023/9/1,22.77,10.84,16.80183,70.53,82.95186,130.06299,0.461262402,51.414,112,1
2023,10,1,2023/10/1,17,7.33,12.16939,98.99,88.97038,73.01007,0.433023683,51.414,112,1
2023,11,1,2023/11/1,11.09,2.92,7.00665,100.01,89.5764,35.59861,0.269387818,51.414,112,1
2023,12,1,2023/12/1,9.57,3.85,6.71071,66.88,88.46638,17.79659,0.222144795,51.414,112,1
