"","MAX.Temperature","MIN.Temperature","Avg.Temperature","Total.Rainfall..mm.","Relative.Air.Humidity....","Average.Solar.Radiation..W.m2.","fAPAR....","Latitude","Elevation","Soil.Moisture","CO2","es","ea","vpd","ppfd","alpha"
"1",3.17,-2,0.58387,26.4,88.85777921,25.95869901,0.176746,51.414,112,1,348.73,0.637142857574723,0.566150993636032,70.9918639386908,133.143454773761,0.324582146688209
"2",6.87,0.55,3.71071,34.6,85.76200112,46.94594828,0.20720878,51.414,112,1,348.92,0.796719425541638,0.683282522656278,113.436902885361,240.788097247155,0.37064068097735
"3",8.13,1.01,4.57097,57.9,78.55482012,90.31758225,0.21286913,51.414,112,1,349.81,0.846390551927424,0.664880575579263,181.509976348161,463.24335911233,0.430374181800732
"4",14.93,5.58,10.25333,48.5,75.36928227,146.3668175,0.313313955,51.414,112,1,351.4,1.24875994421554,0.941181407230505,307.578536985035,750.722666751648,0.482224465356004
"5",15.61,5.95,10.77742,55.1,75.76751892,176.681957,0.486984876,51.414,112,1,352.15,1.29320622714321,0.979830272825354,313.375954317861,906.210520878067,0.512629526048501
"6",17.74,9.78,13.75667,86,78.893255,168.1080894,0.592294555,51.414,112,1,351.58,1.57327836218242,1.2412105101364,332.067852046021,862.234728693834,0.558483189945774
"7",20.91,11.68,16.29355,47.3,75.14591327,155.0395404,0.538543731,51.414,112,1,350.21,1.85235769591793,1.39197110762466,460.386588293271,795.205492672804,0.577317254228424
"8",21.11,11.05,16.08226,53.3,79.33699446,149.3560807,0.479517574,51.414,112,1,348.2,1.82756312956165,1.44993365885333,377.629470708321,766.054745971903,0.562403857467407
"9",18.67,10.26,14.465,57,80.38382481,112.3012273,0.456859212,51.414,112,1,346.66,1.64721761071781,1.32409651843887,323.121092278938,575.998564962574,0.516704311936772
"10",14.37,6.21,10.29032,186.8,84.19009258,65.39292582,0.390126106,51.414,112,1,346.72,1.25185229040865,1.05393560225989,197.916688148758,335.403560019901,0.449426620364805
"11",9.26,3.93,6.59167,51.8,87.73911727,28.64238095,0.1237884,51.414,112,1,348.08,0.973952784544274,0.854537575785731,119.415208758543,146.908192554645,0.405052166665158
"12",8.1,3.49,5.79677,19.6,87.49704893,15.54644864,0.222144795,51.414,112,1,349.28,0.921882752898301,0.806620203380657,115.262549517643,79.7385061784125,0.394821364152272
"13",8.21,3.02,5.6129,103.1,86.58027899,22.51469288,0.215109678,51.414,112,1,350.51,0.910193711641112,0.788048254888311,122.145456752801,115.478976510287,0.386231513300846
"14",8.25,1.46,4.85172,45.4,78.68951743,63.58141898,0.217268996,51.414,112,1,351.7,0.863181764166696,0.679233564766534,183.948199400162,326.112251586801,0.399562175441665
"15",9.81,3.91,6.85968,60.9,77.53288338,81.91817736,0.273513847,51.414,112,1,352.5,0.99208368703512,0.769191088100944,222.892598934176,420.162394821037,0.430111428555728
"16",12.8,3.59,8.19833,25.9,74.83310217,136.5825304,0.330165806,51.414,112,1,353.67,1.08716795655394,0.813561507687513,273.60644886643,700.538572915108,0.479483015108562
"17",17.32,7.51,12.4129,45.3,75.96947625,182.0774881,0.517564656,51.414,112,1,354.35,1.44097441098759,1.09470071292379,346.273698063795,933.88446750831,0.531485518501521
"18",18.72,10.05,14.385,33.7,77.38727616,166.9923841,0.574242353,51.414,112,1,353.88,1.63871689850547,1.26815837172702,370.558526778456,856.512220871151,0.555728171482635
"19",18.91,11.56,15.23548,98.9,78.72857693,157.1179203,0.536440202,51.414,112,1,352.8,1.7310889342819,1.36286168335285,368.227250929058,805.865606267547,0.566048848780202
"20",20.37,11.09,15.73226,42,76.20246915,144.7496111,0.498422322,51.414,112,1,350.49,1.78713073773378,1.36183774909175,425.292988642029,742.427934912611,0.553043518550911
"21",17.73,9.48,13.60667,58.3,80.48107705,110.899145,0.42661423,51.414,112,1,348.97,1.55799969199492,1.25389493255319,304.104759441726,568.807215302592,0.511362820895835
"22",14.44,6.88,10.65968,67.6,87.69388394,64.76219649,0.386170864,51.414,112,1,349.37,1.28310180762961,1.12520181001475,157.899997614857,332.168518002156,0.438832181068549
"23",8.91,0.68,4.79333,16.3,88.32284957,36.52820515,0.265238359,51.414,112,1,350.42,0.859665557750091,0.759281117376714,100.384440373377,187.354976013325,0.398939479804709
"24",9.92,4.94,7.42903,12.5,88.04163536,16.58910692,0.218067546,51.414,112,1,351.62,1.03158988623271,0.90822860604764,123.361280185068,85.0863522123832,0.410025199835229
"25",8.84,2.73,5.78548,30.1,86.68881398,24.44615552,0.215109678,51.414,112,1,353.07,0.921161227717991,0.798543743152333,122.617484565658,125.385544191394,0.397038450677545
"26",9.48,2.21,5.84821,54.5,82.50175198,57.30219816,0.207430009,51.414,112,1,353.43,0.925176506775149,0.763286826996861,161.889679778288,293.905816551669,0.419092640923569
"27",11.92,4.29,8.10484,72.5,80.3037033,87.27687975,0.24488623,51.414,112,1,354.08,1.08027604024506,0.867501666179378,212.774374065677,447.647445170986,0.430273256435648
"28",11.09,3.13,7.11167,74.4,76.84501063,133.8186568,0.355380588,51.414,112,1,355.72,1.00940133904294,0.775674566286912,233.726772756031,686.362528132577,0.486446072926688
"29",20.4,7.69,14.04677,20.6,65.72655753,225.0176465,0.496611183,51.414,112,1,355.95,1.60320072540216,1.05372864710283,549.472078299332,1154.12666977377,0.551094543403716
"30",21.24,9.08,15.15667,25.8,63.51312412,220.9538264,0.572639803,51.414,112,0.882729005,355.44,1.72234147488518,1.09391287871406,628.428596171117,1133.28313491539,0.588957114780853
"31",25.09,12.86,18.97581,57.5,67.14629802,202.05808,0.470335248,51.414,112,0.686604934,354.05,2.1937201302594,1.47300185638871,720.718273870691,1036.36591440077,0.588048388791312
"32",23.03,11.16,17.09355,51.8,69.25393741,168.4876876,0.466284771,51.414,112,0.630464793,351.84,1.94892782295216,1.34970925467337,599.218568278796,864.181706689705,0.544040339722643
"33",20.13,10.63,15.38167,22.7,75.69998472,105.9520107,0.40858562,51.414,112,0.640715345,350.09,1.74741837591705,1.32279544356368,424.62293235337,543.433118100031,0.506562462978441
"34",15.81,8.35,12.07742,81.8,82.68531468,60.47596065,0.185854605,51.414,112,0.870694293,350.33,1.40950928109042,1.16545718451342,244.052096577,310.184201781498,0.456281610172518
"35",10.29,2.49,6.38833,17.4,89.05157272,36.88255566,0.234075228,51.414,112,1,351.55,0.960392212202641,0.855244369246851,105.147842955789,189.172457354901,0.404608831965381
"36",8.7,3.28,5.99032,133.5,90.13090941,14.26641417,0.222144795,51.414,112,1,352.91,0.934329918312309,0.842120052264595,92.2098660477148,73.1731458920728,0.40595205442489
"37",9.45,3.97,6.70645,83.6,86.62335941,22.91865982,0.196487893,51.414,112,1,353.86,0.981681608798498,0.850365588251394,131.316020547105,117.550942982307,0.424725846065304
"38",11.03,5.04,8.03571,111,78.77606455,51.72714857,0.206327517,51.414,112,1,355.1,1.07520466105995,0.847003917841195,228.200743218755,265.311110682099,0.440063210139809
"39",12.49,4.44,8.4629,9.1,73.34080656,107.8652,0.242112302,51.414,112,1,355.75,1.10688176763804,0.811796016051322,295.085751586716,553.24596091392,0.442985881339284
"40",13.8,2.65,8.225,27,68.58390971,173.9850451,0.32254206,51.414,112,1,356.38,1.08914110284204,0.746975550587686,342.165552254358,892.377925976137,0.486471930310309
"41",20.16,6.41,13.28387,6.2,65.54919658,213.102251,0.50576639,51.414,112,0.896379569,357.38,1.52556089411994,0.999992909434286,525.567984685655,1093.01201525065,0.535214800656088
"42",18.52,9.49,14.00333,40.6,70.30367647,164.1477798,0.544034912,51.414,112,0.666311137,356.39,1.59868856667236,1.12393683767621,474.751728996143,841.922104324078,0.547688255845213
"43",24.03,11.25,17.63871,11.8,62.57904906,206.9996827,0.463571996,51.414,112,0.430808576,354.89,2.01723555047395,1.26236682478685,754.868725687095,1061.71163975256,0.512428314162161
"44",25.33,12.64,18.98065,27.5,67.58107169,172.8949286,0.435414175,51.414,112,0.28231024,353.06,2.19438274151238,1.48298737369447,711.395367817911,886.786664377859,0.398528797188149
"45",18.96,8.27,13.61333,15.9,72.18614435,110.3721052,0.393406451,51.414,112,0.26787184,351.38,1.55867529236202,1.12514759649223,433.527695869788,566.104002027218,0.327465455880095
"46",16.04,8.7,12.36935,60.5,80.35829369,67.53905746,0.390126106,51.414,112,0.421062808,351.69,1.43685526844257,1.15463237651532,282.222891927253,346.41117564959,0.349177157719549
"47",10.21,4.25,7.23,31.6,87.54588393,35.85586912,0.262507541,51.414,112,0.653153634,353.14,1.01762486064745,0.890888679345243,126.73618130221,183.906531167588,0.368040593818849
"48",7.08,2.06,4.57258,66.7,85.12195248,19.36583044,0.222144795,51.414,112,0.907715305,354.41,0.846486016199638,0.720545424459301,125.940591740337,99.3283048719498,0.371769869640556
"49",6.98,1.45,4.2129,71.3,82.62558452,26.99850473,0.215109678,51.414,112,1,354.93,0.825393358900459,0.681986087380765,143.407271519693,138.476669886005,0.34607950033439
"50",4.82,-1.75,1.53214,47,89.85042061,48.54089697,0.121505538,51.414,112,1,355.82,0.682249339369881,0.613003901032784,69.2454383370965,248.96866818762,0.387724443862982
"51",12.02,4.51,8.26452,32.2,81.15071772,87.70498817,0.24488623,51.414,112,1,357.33,1.09207073613745,0.88622324038563,205.847495751822,449.843234491343,0.443750346507491
"52",13.14,3.8,8.47333,54.9,71.0534798,156.8825397,0.325772392,51.414,112,1,358.77,1.10766533838883,0.787034767463712,320.630570925122,804.658327495269,0.468084525455249
"53",15.58,6.33,10.95645,13,73.35073381,152.3367882,0.452227276,51.414,112,1,359.23,1.30870457420498,0.959944408584387,348.760165620591,781.342942582495,0.507208042046072
"54",16.88,8.8,12.84167,84,74.01661092,163.3140546,0.625497591,51.414,112,1,358.23,1.48208622438327,1.09698999420069,385.096230182588,837.645886420508,0.563618156107907
"55",22.64,13.09,17.86774,74.4,75.81537993,176.4613127,0.542100711,51.414,112,1,356.3,2.0465522033756,1.551601328455,494.950874920603,905.07882531941,0.605273505908189
"56",23.53,12.92,18.22097,20.8,74.55585792,164.2056913,0.466907705,51.414,112,1,353.97,2.09249825842765,1.56008002853179,532.418229895857,842.219135279988,0.585351883506027
"57",21.14,9.23,15.18167,44.5,80.54023585,126.2801022,0.397399,51.414,112,1,352.34,1.72511212522998,1.38940937433717,335.702750892806,647.696907676869,0.522561130588148
"58",13.81,6.34,10.07742,17.8,84.97792914,63.8251517,0.390126106,51.414,112,1,352.43,1.23414567925323,1.04875144080018,185.394238453048,327.362368796824,0.449764387994013
"59",10.38,3.59,6.98667,63.5,86.61781517,30.60415131,0.262507541,51.414,112,1,353.89,1.00077789986952,0.866851951571186,133.925948298331,156.970210034895,0.396222061454391
"60",7.77,0.53,4.15323,12.2,88.22215756,21.17454701,0.222144795,51.414,112,1,355.21,0.821939350010832,0.725132628414196,96.8067215966358,108.605301871822,0.365817253036596
"61",6.96,0.66,3.81452,11.6,86.06383543,27.15044578,0.191504812,51.414,112,1,356.34,0.802573600101899,0.690725622396325,111.847977705574,139.255983067731,0.375962148159927
"62",8.69,1.72,5.20345,20.8,83.60153476,52.38192373,0.20720878,51.414,112,1,357.21,0.884632264538055,0.739566150135957,145.066114402098,268.669484954587,0.413577531462457
"63",11.48,4.59,8.03387,54.4,80.90618518,84.61640767,0.246004327,51.414,112,1,357.97,1.07506996541432,0.869798097032669,205.271868381648,434.00175191325,0.446850674477424
"64",13.35,4.69,9.02,62.3,75.09016658,128.412829,0.23352147,51.414,112,1,359.22,1.14942434390944,0.86310465455267,286.319689356769,658.635769217318,0.504214363686913
"65",20.46,8.26,14.36129,49.7,68.9404546,211.2413376,0.499186584,51.414,112,1,359.71,1.63620490372969,1.12800709881874,508.19780491095,1083.46729812074,0.558000448051945
"66",21.48,9.93,15.70667,25.9,74.95358654,203.8607386,0.538733429,51.414,112,0.999763847,359.44,1.78420555399247,1.33732605396324,446.879500029238,1045.61183977203,0.58006603645772
"67",21.43,12.76,17.09355,73.1,77.66490842,156.1898038,0.536440202,51.414,112,0.999715797,357.15,1.94892782295216,1.5136330088677,435.294814084466,801.105250704468,0.590499065067395
"68",21.4,12.6,17,102.9,79.4125942,137.8043058,0.47936765,51.414,112,1,354.99,1.93741210737931,1.5385492148148,398.86289256451,706.805119541768,0.566719039311311
"69",18.04,9.93,13.985,78.5,84.16801398,103.6630627,0.355547946,51.414,112,1,353.01,1.5967879553308,1.34398470947378,252.803245857016,531.69299027621,0.496772248306487
"70",12.18,4.27,8.22581,51.6,81.07948535,64.39586689,0.386170864,51.414,112,1,353.41,1.08920107895669,0.883118629244733,206.082449711959,330.289595313808,0.439276446110646
"71",11.53,4.61,8.07333,92.6,85.96190665,26.00161572,0.256957591,51.414,112,1,354.42,1.07796186016474,0.92663656795742,151.325292207323,133.36357670802,0.406000411551023
"72",7.49,0.79,4.14194,57.4,88.14055928,19.72459803,0.218067546,51.414,112,1,355.68,0.821287262732407,0.723887186667746,97.4000760646604,101.168441635932,0.388644281284696
"73",10.12,3.18,6.65161,77.7,85.59399944,18.36688698,0.215109678,51.414,112,1,357.1,0.977982189268966,0.837094069606178,140.888119662787,94.2046743180142,0.390202879998574
"74",6.99,1.94,4.4625,3.7,83.42604299,53.52304087,0.20125036,51.414,112,1,357.42,0.839980697978315,0.700762658203091,139.218039775224,274.522331365057,0.39422002980153
"75",11.21,1.84,6.52258,10.4,74.51210695,100.8131195,0.241326373,51.414,112,1,358.59,0.969326431533697,0.722265547359007,247.06088417469,517.075490246227,0.440804703443751
"76",14.17,5.39,9.77833,97.9,80.80548186,135.1208721,0.302413822,51.414,112,1,359.39,1.20964284475301,0.977457729487679,232.185115265328,693.041654996156,0.496829158579703
"77",17.79,8.04,12.91613,28.6,72.14733019,184.659626,0.525683058,51.414,112,1,360.3,1.48932965566049,1.07451158428696,414.818071373526,947.12838087145,0.54730254820271
"78",21.1,10.56,15.83167,48.7,71.37609554,192.1184546,0.56806851,51.414,112,1,359.64,1.79853418118123,1.28372347547947,514.810705701759,985.385082718748,0.576553481305405
"79",21.12,11.77,16.44516,56.1,74.53250267,169.2312821,0.53677368,51.414,112,1,357.45,1.87033005942616,1.39400380147962,476.326257946545,867.995639762492,0.573240990164467
"80",20.95,9.78,15.36774,29.4,73.11091265,153.3256453,0.479517574,51.414,112,0.947544927,355.76,1.74585659394512,1.27641168939348,469.444904551637,786.414839695707,0.542273764546675
"81",17.25,7.68,12.465,118.1,84.59275588,93.28482465,0.405275987,51.414,112,0.989310452,354.14,1.44591586888457,1.2231400811957,222.775787688865,478.462492557153,0.490805395718837
"82",12.85,5.96,9.40806,143.2,80.18274704,66.68655308,0.365192368,51.414,112,1,354.23,1.17990199531636,0.946077832224426,233.82416309193,342.038638400353,0.429061482776844
"83",8.44,1.71,5.07667,38,88.30894042,34.90684239,0.243110384,51.414,112,1,355.53,0.876846938877739,0.774334240828137,102.512698049603,179.038925997693,0.393618801058574
"84",8.97,3.54,6.25484,94.1,84.84418969,19.08438202,0.222144795,51.414,112,1,357.03,0.951580588307125,0.807360839396515,144.21974891061,97.8847419659282,0.399547083483158
"85",8.83,2.6,5.71129,107.4,86.70301622,25.32232345,0.215109678,51.414,112,1,358.36,0.916432237006865,0.794574391097371,121.857845909494,129.879452962293,0.378149166487574
"86",7.22,0.46,3.83929,53.9,88.19782174,46.78619613,0.189615244,51.414,112,1,359.04,0.803976054623988,0.70908936748955,94.886687134438,239.968720546098,0.406460735222602
"87",11.81,4.87,8.33871,33.4,78.36913907,91.99301088,0.240716822,51.414,112,1,360.11,1.09758920731691,0.860171212299497,237.417995017409,471.83671565686,0.445875867524924
"88",12.62,4.67,8.645,73.6,70.41044833,158.8896196,0.307410021,51.414,112,1,361.36,1.1206326546231,0.789042476252508,331.590178370596,814.952739853532,0.473391363977305
"89",16.23,6.58,11.40484,91.2,75.83392317,159.8547119,0.490947272,51.414,112,1,361.78,1.34823956008168,1.02242295213989,325.816607941792,819.90274612881,0.53335893003863
"90",20.86,10.15,15.50667,19.7,71.38391363,207.6154539,0.588202535,51.414,112,1,360.94,1.76148783039586,1.25741895145274,504.068878943118,1064.86996077961,0.596184474212807
"91",25.52,13.42,19.47097,22.8,73.80702058,206.0379759,0.523358142,51.414,112,0.869179979,359.51,2.26242331121226,1.66982723891315,592.596072299109,1056.7789978747,0.611689824343831
"92",22.38,12.5,17.44032,29.6,82.89298973,155.0761338,0.372545518,51.414,112,0.660376991,357.59,1.99213880997018,1.65134341915592,340.795390814254,795.393182036437,0.542380947214126
"93",17.14,9.7,13.41833,116.1,87.55365329,101.8736391,0.456859212,51.414,112,0.875238118,355.86,1.53900028234987,1.34745097134073,191.549311009144,522.514947876399,0.498032593937559
"94",14.88,6.05,10.46452,73.5,87.72415063,73.91535499,0.390126106,51.414,112,1,356.21,1.26650601663991,1.1110316457752,155.474370864702,379.115521945317,0.480153984561486
"95",13.26,8.16,10.71,65,91.85114443,25.60555958,0.262507541,51.414,112,1,357.65,1.28741173490734,1.18250241203851,104.90932286883,131.332185121575,0.449907486766928
"96",10.15,3.23,6.69194,78.6,89.45631934,21.01134293,0.222144795,51.414,112,1,359.1,0.980701589818592,0.877299545960576,103.402043858016,107.768220050579,0.398967976435241
"97",8.31,1.99,5.15,128.1,84.6040805,22.14971014,0.215109678,51.414,112,1,360.04,0.88134259937998,0.74565180226023,135.690797119749,113.606961933683,0.407038097650246
"98",10.44,4.41,7.425,87,81.11145713,47.43787754,0.20720878,51.414,112,1,361,1.03130545420827,0.836506881369494,194.798572838778,243.311226821386,0.411215320682725
"99",10.67,1.14,5.90161,54.1,72.32715201,114.2329429,0.267489927,51.414,112,1,361.98,0.928606729103193,0.671634800533555,256.971928569638,585.906430088068,0.439107974884669
"100",14.8,5.53,10.16333,23.4,72.84016663,154.0533376,0.320889953,51.414,112,1,363.44,1.24126402013966,0.904138780587964,337.125239551695,790.147209595945,0.494178155537378
"101",18.54,6,12.27097,32,66.0812819,194.6461838,0.503159453,51.414,112,1,363.83,1.42758811554755,0.943368527005874,484.219588541676,998.349931160916,0.533102646463134
"102",20.11,9.35,14.73167,8.2,70.26778403,192.8196807,0.519718362,51.414,112,0.823396986,363.33,1.6758336866047,1.17757119560538,498.262490999324,988.981706166463,0.584374490235315
"103",25.91,12.88,19.39516,21.4,71.48853942,203.3179156,0.478158755,51.414,112,0.474119496,361.78,2.25178424054017,1.60976766445191,642.016576088264,1042.82767368101,0.55185324198936
"104",27.27,12.73,20.00161,1.7,61.90547416,189.0269236,0.456597917,51.414,112,0.238591473,359.33,2.33813146161804,1.44743136779879,890.700093819255,969.52846687981,0.383090071842177
"105",18.36,9.1,13.73167,96.4,81.16324609,107.5441634,0.423599805,51.414,112,0.371345028,358.32,1.57072282375964,1.27484963083984,295.873192919807,551.599348269105,0.366618636158412
"106",17.84,8.37,13.10161,30.4,84.01625545,67.65978804,0.467739492,51.414,112,0.684065029,358.14,1.50750835005183,1.26655206630962,240.956283742204,347.030408782647,0.459435184807691
"107",11.53,3.79,7.65667,39.1,86.76518056,35.24617591,0.303025501,51.414,112,0.83333958,359.61,1.04776899467263,0.909098660079402,138.670334593225,180.779384452715,0.394085521635466
"108",5.51,0.4,2.95806,101.9,90.07110978,15.995805,0.222144795,51.414,112,0.996640532,360.82,0.755390080697683,0.680388228852441,75.0018518452423,82.043277236928,0.36012101268297
"109",7.02,1.63,4.32419,49.4,89.87582647,20.09894164,0.133498384,51.414,112,1,362.2,0.831869625196798,0.747649700798514,84.2199243982843,103.088468579065,0.350046392321763
"110",6.07,-2.05,2.0069,59.6,84.82629598,59.09819855,0.20720878,51.414,112,1,363.36,0.705874373559542,0.598767085362588,107.107288196954,303.117591633598,0.354988159487852
"111",8.49,0.19,4.33871,37.6,83.28795125,86.58439364,0.245293805,51.414,112,1,364.28,0.832717880082222,0.693553662012915,139.164218069308,444.095649565485,0.41182754834886
"112",14,2.83,8.41167,33,71.33093258,139.1013436,0.282877087,51.414,112,1,364.69,1.10304010863586,0.786808796221405,316.231312414456,713.457690751043,0.447268224300069
"113",14.39,2.6,8.49194,27.7,66.96689344,167.9873043,0.412156992,51.414,112,1,365.25,1.10906465761871,0.742706147448223,366.358510170488,861.615215924993,0.500037303385492
"114",21.94,6.76,14.35,8.8,66.6080641,218.7834947,0.552193827,51.414,112,0.918332073,365.06,1.63500995376811,1.08904847804724,545.961475720867,1122.15139597764,0.562380028383149
"115",23.26,9.15,16.20645,37.3,69.31267602,195.0541653,0.507222421,51.414,112,0.654787839,363.69,1.84210115925814,1.27680960847726,565.291550780881,1000.4424885103,0.547786018116087
"116",22.25,9.1,15.67097,72.5,75.02062357,157.7718878,0.488352132,51.414,112,0.676297399,361.55,1.78013171142597,1.33546591027907,444.665801146894,809.219838011835,0.521066746399668
"117",18.46,7.14,12.79667,12,79.122415,106.5874523,0.4360121,51.414,112,0.700952551,359.69,1.4777236570708,1.16921064450074,308.513012570065,546.692329584334,0.484543080398788
"118",15.65,4.95,10.3,49.3,82.77101141,70.57617544,0.322800532,51.414,112,0.756733146,359.72,1.25266264434594,1.03684154028038,215.821104065554,361.988704410062,0.422530825432429
"119",9.98,-0.36,4.81034,102.7,85.57922461,37.29196822,0.254106969,51.414,112,0.985845252,361.04,0.86068858225734,0.736570615002634,124.117967254706,191.272354682004,0.362996271617877
"120",6.19,-1.55,2.32097,17.5,87.56512749,19.09771586,0.218067546,51.414,112,1,362.39,0.721897493326744,0.632130460378677,89.7670329480664,97.9531318926467,0.333191558354997
"121",4.93,-1.6,1.66613,14.7,90.55950894,21.79209509,0.221513169,51.414,112,1,363.24,0.688845137848515,0.623814774192681,65.0303636558337,111.772736604526,0.373450929605325
"122",10.18,3.21,6.69643,60.9,81.46510922,41.17304362,0.20720878,51.414,112,1,364.21,0.981004756494925,0.799176596331985,181.828160162939,211.178582909944,0.433392670904168
"123",13.37,4.27,8.82097,12.2,79.71570314,95.99077742,0.280204777,51.414,112,1,364.65,1.13406323980212,0.904026485660527,230.036754141596,492.34145852974,0.452457720704658
"124",15.01,2.89,8.94833,11.3,74.5268511,154.5141446,0.320867522,51.414,112,1,366.48,1.14387190451614,0.852491711053481,291.380193462663,792.510711554972,0.481146640406461
"125",18.17,5.63,11.90323,28.6,85.23899252,206.8928507,0.482173353,51.414,112,0.931535115,366.77,1.39341103799552,1.18772953044986,205.681507545664,1061.16369312569,0.532359097196791
"126",19.93,10.33,15.12833,70.5,88.72573458,167.6519176,0.510308564,51.414,112,0.837510276,365.73,1.71920538465507,1.52537760647413,193.827778180945,859.895000905513,0.578901382515343
"127",23.15,11.75,17.45161,37.9,91.71822422,192.2760737,0.518132748,51.414,112,0.726812761,364.46,1.99355964551941,1.82845750563693,165.10213988248,986.193518900555,0.599797732472586
"128",24.81,14,19.40161,96.3,87.3031041,155.3718244,0.46700509,51.414,112,0.762810422,362.4,2.25268771817027,1.9666663036421,286.021414528165,796.90979379009,0.579318205952395
"129",20.24,9.26,14.75,15.1,90.67887335,123.351287,0.451816873,51.414,112,0.819807933,360.44,1.6778165757963,1.52142516781164,156.391407984667,632.674869246835,0.519967781623967
"130",15.65,5.17,10.41452,63.4,91.18183781,75.0011218,0.369349116,51.414,112,0.925234663,360.97,1.26228466059606,1.1509743519252,111.310308670851,384.684473767841,0.461644380662482
"131",12.14,4.14,8.14,67.9,88.37728268,31.29975319,0.235841906,51.414,112,1,362.65,1.08286344754227,0.957005290072823,125.858157469444,160.537986579268,0.423986079456441
"132",9.71,2.95,6.32903,58.9,88.37189224,17.65190719,0.222144795,51.414,112,1,364.51,0.956469006586112,0.845249759809277,111.219246776835,90.5375075121066,0.397868095426541
"133",8.9,2,5.45,84.7,83.11990686,26.02258662,0.198327005,51.414,112,1,365.39,0.899947128336884,0.748035214862863,151.911913474021,133.471137494276,0.404172930222228
"134",11.24,2.5,6.87321,8.8,85.53379433,60.73336733,0.214796017,51.414,112,1,366.1,0.99300682412215,0.849356414627505,143.650409494645,311.50445341059,0.425205184833211
"135",11.72,4.06,7.88871,48.4,80.84966405,79.45754146,0.238119592,51.414,112,1,367.36,1.06449034575869,0.860636868390583,203.853477368105,407.541671242396,0.438603279591723
"136",12.55,3.91,8.23167,102.9,82.39895527,134.0693449,0.325772392,51.414,112,1,368.79,1.08963506682717,0.897847911321153,191.787155506015,687.648319831607,0.489748913192969
"137",19.43,7.61,13.51935,25,86.6574502,194.6515717,0.50264073,51.414,112,1,369.56,1.54916556284318,1.34246737613638,206.698186706802,998.377565967256,0.544812351344276
"138",19.35,10.49,14.92,86.2,79.34044544,167.9398007,0.572082777,51.414,112,1,369.13,1.69630496839282,1.34585591794371,350.449050449106,861.371567604415,0.565615890616816
"139",20.44,11.48,15.95968,29.4,72.893171,157.3154844,0.556959894,51.414,112,1,367.98,1.8133122707761,1.32178081430081,491.531456475295,806.878922335626,0.578607643520829
"140",22.88,10.35,16.61452,17.6,74.39797414,170.4694323,0.474631818,51.414,112,0.960352239,366.1,1.89058706206564,1.40655847352978,484.02858853586,874.346173550542,0.575116385097138
"141",20.01,11.13,15.57,88.4,83.35986758,104.991485,0.442048166,51.414,112,0.981359308,364.16,1.7686538050105,1.47434746980538,294.306335205115,538.506534142656,0.533154545548238
"142",14.81,7.44,11.12097,87.4,84.08662234,58.14507672,0.387723411,51.414,112,1,364.54,1.3230904971798,1.11254210958001,210.548387599794,298.228982492685,0.451278721521804
"143",9.66,2.16,5.90667,102.9,86.30123859,33.73787868,0.2508191,51.414,112,1,365.67,0.928932345768078,0.801680120060993,127.252225707085,173.043253148503,0.399772731640045
"144",9.35,2.64,5.99355,54.7,86.18492766,17.8236596,0.222144795,51.414,112,1,367.3,0.934538889297925,0.805431665695984,129.107223601941,91.4184341419162,0.400076211449397
"145",9.36,2.71,6.03387,97.2,86.17389786,21.80779157,0.164065724,51.414,112,1,368.35,0.937150936631289,0.80757949092668,129.571445704609,111.853244628992,0.391489421686623
"146",8.49,1.64,5.0625,25.5,80.514944,54.81826217,0.20720878,51.414,112,1,369.28,0.875980550071807,0.705295249341207,170.6853007306,281.165585655734,0.406863289696746
"147",11.79,3.06,7.42581,28.3,80.19505273,89.79227616,0.252067514,51.414,112,1,369.84,1.03136261738202,0.827101794847021,204.260822535001,460.549038121537,0.447832261745117
"148",14.65,4.71,9.67833,41.4,78.51435597,142.503158,0.280819649,51.414,112,1,371.15,1.20154636503451,0.943386390187788,258.159974846719,730.905765538637,0.501533640085217
"149",18.95,8.34,13.64194,38.1,76.33724531,169.2138321,0.514833624,51.414,112,1,371.12,1.5615804588073,1.19206750555275,369.512953254548,867.906137846972,0.541847787276514
"150",20.01,8.72,14.36167,81.8,93.65141562,190.2527714,0.56702392,51.414,112,1,370.46,1.63624513680305,1.53236673362946,103.878403173588,975.815901048061,0.578700380707436
"151",24.27,12.26,18.26774,22.7,94.58981292,205.4255835,0.544997219,51.414,112,0.983754213,369.61,2.09864899997694,1.98510816292564,113.540837051301,1053.63800688044,0.598063011092316
"152",22.72,10.7,16.70645,126,92.78643086,142.4886059,0.493397187,51.414,112,0.992944161,367.06,1.90166300710145,1.76448523127438,137.177775827066,730.831127095953,0.575673222326805
"153",21.14,10.01,15.575,107.6,92.23393235,111.2125787,0.465650805,51.414,112,1,364.95,1.76922065650329,1.63182178344147,137.398873061819,570.414832296203,0.528035979433711
"154",15.33,5.68,10.50484,68,93.95354093,69.81325914,0.384735521,51.414,112,1,365.52,1.26991915186962,1.19313401012973,76.7851417398877,358.075668866713,0.461028189605931
"155",11.36,4.65,8.005,37.4,94.2284615,35.94945815,0.274648286,51.414,112,1,366.88,1.07295850546786,1.01103229223576,61.9262132321023,184.386553944474,0.413670311333148
"156",8.68,1.49,5.08387,103.2,91.69712641,19.71899196,0.222144795,51.414,112,1,368.26,0.877287454080863,0.8044473857476,72.8400683332634,101.139687824841,0.379780231546586
"157",8.23,0.88,4.55484,19.1,88.2657968,28.36419386,0.219861226,51.414,112,1,369.45,0.845434654344968,0.746229634080912,99.2050202640561,145.481357171955,0.392887210101069
"158",10.32,2.52,6.42069,65.1,84.82660033,56.1738332,0.235380994,51.414,112,1,369.71,0.962539078748075,0.816489177349694,146.049901398381,288.118376704927,0.419833903198361
"159",11.9,3.42,7.65806,21.8,87.89938042,93.26034638,0.333955438,51.414,112,1,370.75,1.04786846877534,0.921069891670063,126.798577105275,478.3369422962,0.435498079606746
"160",12.59,3.61,8.1,139.5,87.23916745,134.6511198,0.313430878,51.414,112,1,371.98,1.07992029346306,0.942113473140766,137.806820322289,690.632272149742,0.484377804450922
"161",18.23,7.87,13.04677,90.4,95.1772411,186.9369949,0.548022917,51.414,112,1,371.74,1.50211336974023,1.42967006351299,72.4433062272369,958.809118917047,0.546898121052908
"162",20.63,10.7,15.66667,18.1,96.31553984,180.0783733,0.563246492,51.414,112,1,371.87,1.7796415751093,1.7140713902836,65.5701848256986,923.630908543016,0.570242974133484
"163",20.73,10.81,15.76774,36.9,94.81976446,169.5849155,0.540032834,51.414,112,0.994399424,370.02,1.79119339794988,1.69840536095915,92.7880369907332,869.809443011309,0.58246246270912
"164",23.08,11.65,17.3629,36,96.24299227,161.7348096,0.462364698,51.414,112,0.888287367,368.27,1.98241944528347,1.90793979348315,74.479651800323,829.545860484956,0.578019950822117
"165",19.53,10.55,15.04,91.1,93.86619971,94.35022059,0.393608764,51.414,112,0.984836532,367.15,1.70946292933367,1.60460788721676,104.855042116911,483.926961177051,0.525093194796299
"166",14.41,7.06,10.73387,181.7,95.70172857,56.8393957,0.370641131,51.414,112,1,367.18,1.28946065555078,1.23403613659215,55.42451895863,291.532079779327,0.455837635340175
"167",10.72,3.3,7.01333,114.3,93.50910817,31.39375303,0.243144433,51.414,112,1,368.53,1.0026116433123,0.937533206069911,65.0784372423866,161.02011642102,0.411200566063189
"168",8.74,3.45,6.09194,99.6,93.23507742,18.27185004,0.218502483,51.414,112,1,369.83,0.940924186158102,0.877271393428011,63.6527927300906,93.717225138922,0.379236716521887
"169",7.07,-0.09,3.49032,96.3,90.67705676,26.70508382,0.207137783,51.414,112,1,370.76,0.784415694803445,0.711285064811268,73.1306299921768,136.971699484937,0.37300884525949
"170",9.12,1.17,5.14643,75.9,88.46049051,52.8567852,0.174434077,51.414,112,1,371.69,0.881123262821054,0.779445960289221,101.677302531833,271.105072987346,0.391926051130168
"171",9.01,2.41,5.71129,129.5,86.74372625,74.37860893,0.24488623,51.414,112,1,372.63,0.916432237006865,0.794947470935987,121.484766070879,381.491574380973,0.422591793413024
"172",12.66,4.05,8.35167,83.9,92.39687366,136.1430514,0.334696419,51.414,112,1,373.55,1.0985557243724,1.01503114473307,83.5245796393358,698.284463325949,0.486646554340778
"173",18.96,7.16,13.0629,40.5,94.5096566,194.0090125,0.482530721,51.414,112,1,374.03,1.5036984243355,1.4211402171391,82.5582071964084,995.08184795952,0.539101837694455
"174",20.53,8.74,14.635,27.6,83.51209746,207.322195,0.561277589,51.414,112,0.997674065,373.4,1.66541015379154,1.39081895074313,274.591203048413,1063.36582133587,0.578026394867101
"175",23.72,12.28,17.99677,61.4,90.64357513,181.0829393,0.569429244,51.414,112,0.933515168,371.68,2.06323221491345,1.87018744283144,193.044772082014,928.783377383489,0.602416621387623
"176",23.34,12,17.66935,62.1,95.18196429,151.2679167,0.526452323,51.414,112,0.95233828,369.78,2.02113614884467,1.92375708744562,97.3790613990551,775.860647642968,0.569576381448862
"177",17.84,9.17,13.50667,70,92.83076379,99.07598397,0.526850511,51.414,112,0.999009209,368.34,1.54788639456695,1.436914762678,110.971631888958,508.165635950935,0.532632317622512
"178",17.29,10.15,13.71935,117.2,92.69843988,64.22449665,0.421589661,51.414,112,1,368.61,1.56946479477956,1.4548693792265,114.595415553064,329.410628852884,0.484926093768923
"179",11.08,2.97,7.02667,28.5,89.74681008,34.97351385,0.255562394,51.414,112,1,369.94,1.00353031324204,0.900636444320564,102.893868921477,179.380887222937,0.393125825009782
"180",7.81,-0.45,3.67581,28.8,88.86810247,23.84626632,0.187319345,51.414,112,1,371.42,0.794759784770895,0.70628793992055,88.4718448503445,122.308682730089,0.375170734773308
"181",9.07,1.97,5.51774,66,89.85058512,20.41041899,0.046172824,51.414,112,1,372.7,0.904195629267347,0.812425063526177,91.7705657411697,104.686051356492,0.411477275863096
"182",11.4,3.73,7.5625,81.5,84.16428339,52.46196355,0.20914042,51.414,112,1,373.37,1.04104913457124,0.876191543849681,164.857590721559,269.080013161342,0.431065927533615
"183",12.32,3.47,7.89516,45.8,81.52361968,92.83109392,0.194590393,51.414,112,1,374.3,1.06495848455535,0.868192704698794,196.765779856555,476.135285137938,0.453941991628822
"184",15.69,4.13,9.91,27.9,83.63264696,166.992929,0.347575424,51.414,112,1,375.19,1.22037663623971,1.02063328376868,199.74335247103,856.515015690278,0.492549750019063
"185",16.81,7.98,12.39677,72.1,87.75936421,174.4521286,0.529111518,51.414,112,1,375.93,1.4394475601242,1.26325002690136,176.197533222845,894.773620414978,0.533031859214064
"186",19.68,9.47,14.575,54.6,96.16141613,174.6687153,0.54967634,51.414,112,1,375.69,1.6589692353676,1.59528830989052,63.6809254770829,895.884504341979,0.567474909101954
"187",21.7,11.48,16.5871,50.7,96.29387052,164.8362385,0.542901481,51.414,112,1,374.16,1.8872943968495,1.81734882283348,69.9455740160275,845.45324314393,0.590457109832768
"188",22.85,12.26,17.55806,133.4,96.56429503,149.5050995,0.479517574,51.414,112,1,372.03,2.00699996361871,1.93804536612077,68.9545974979466,766.819070788435,0.571545808580246
"189",19.87,8.18,14.025,20.9,94.89505745,116.4116472,0.456706612,51.414,112,1,370.92,1.60093805781347,1.519211089701,81.7269681124635,597.081112506501,0.517123364375355
"190",15.16,6.55,10.85645,73.4,95.78200964,60.74316821,0.390126106,51.414,112,1,370.73,1.30002772827606,1.24519268402005,54.835044256011,311.554722610233,0.46929542061285
"191",11.89,5.31,8.60167,155.2,95.7576304,26.24260953,0.201949585,51.414,112,1,372.43,1.11734712687232,1.06994513203541,47.4019948369049,134.599645912803,0.431020714339159
"192",9.05,4.24,6.64032,120.3,95.25878709,13.58078865,0.222144795,51.414,112,1,373.98,0.977222110037674,0.930889929197194,46.3321808404806,69.656538592967,0.392906867241837
"193",8.01,1.3,4.65484,76.7,88.9418048,27.97377896,0.215109678,51.414,112,1,375.07,0.851376243976801,0.757229397031418,94.1468469453829,143.478899785276,0.372820658915062
"194",8.17,0.15,4.1625,29,85.08254326,54.71277889,0.207368494,51.414,112,1,375.82,0.822475107651031,0.69978273926992,122.692368381111,280.624556680643,0.404743232994948
"195",13.43,2.29,7.85645,25.8,77.68898458,118.5156074,0.229045571,51.414,112,1,376.64,1.06215164390396,0.825174826848761,236.976817055195,607.872428728727,0.450333397056319
"196",15.69,3.57,9.63167,24.9,64.24153656,152.712206,0.298659854,51.414,112,1,377.92,1.19778488270806,0.769475413335053,428.309469373009,783.268479099418,0.488644838591215
"197",17.36,6.95,12.15968,56.9,75.06196998,181.2355102,0.514833624,51.414,112,1,378.78,1.41716818270237,1.06375435586617,353.413826836206,929.565921097106,0.549578149184217
"198",22.8,10.94,16.87,47.9,90.38754967,202.6279529,0.572082777,51.414,112,0.993950099,378.46,1.92150848094291,1.73680443262554,184.704048317375,1039.28882077056,0.595838838841336
"199",23.5,12.41,17.95323,39.5,92.91539333,183.1270469,0.545891447,51.414,112,0.842574864,376.88,2.05759044212732,1.91181825242309,145.772189704235,939.267706651626,0.614866236569876
"200",25.96,13.19,19.57903,12.9,90.10876699,178.6887061,0.52377821,51.414,112,0.5881735,374.57,2.27766429745082,2.05237521460438,225.28908284644,916.503236546723,0.54909098895736
"201",21.55,7.06,14.305,9.4,85.18503883,131.1692996,0.442620371,51.414,112,0.438059906,373.34,1.6302546915423,1.38873309201821,241.521599524096,672.77384364566,0.41147306685522
"202",14.54,4.61,9.57419,34.8,86.9201865,78.08407023,0.360134888,51.414,112,0.47271012,373.31,1.19316538919971,1.03710158154584,156.063807653871,400.497069179553,0.361156152164115
"203",12.08,4.59,8.33333,127.6,90.56042793,31.81241107,0.262507541,51.414,112,0.886875056,374.84,1.09718820329474,0.993618332101196,103.569871193545,163.167434273619,0.405313708163949
"204",8.79,1.41,5.09839,67,89.78465828,16.62773773,0.222144795,51.414,112,1,376.17,0.878176419996185,0.788467697789113,89.7087222070727,85.2844915529614,0.387420515439345
"205",8.26,2.61,5.43387,79.2,86.57713519,24.07366321,0.215109678,51.414,112,1,377.17,0.898938088677446,0.778274844308675,120.663244368771,123.475012657785,0.394927035685654
"206",8.99,2.82,5.90517,30.6,81.93320236,53.05847473,0.20720878,51.414,112,1,378.05,0.928835808596905,0.761024922649844,167.810885947061,272.139548590517,0.404136189050581
"207",10.35,2.41,6.38065,36.5,81.81998138,90.4143322,0.233506966,51.414,112,1,379.06,0.959883316174606,0.785376350563789,174.506965610817,463.739594404677,0.438250417789425
"208",15.17,3.92,9.54667,67.1,82.31406249,140.8437358,0.362007947,51.414,112,1,380.54,1.19095924254255,0.980326935136903,210.632307405644,722.394506767495,0.492469893540563
"209",17.98,7.38,12.68226,43.6,90.29699627,168.0641938,0.574331947,51.414,112,1,380.8,1.46668280241476,1.32437051538919,142.312287025573,862.009585984212,0.548523587665655
"210",21.74,10.65,16.195,44.8,83.38061023,183.617073,0.630738097,51.414,112,1,379.86,1.84075656244521,1.53483405461559,305.922507829623,941.781074823821,0.580430682536964
"211",22.04,11.09,16.5629,26.9,83.14578126,179.9753031,0.454889585,51.414,112,0.957092838,377.65,1.88439257243773,1.56679292635876,317.599646078967,923.102256374934,0.597528254545817
"212",23.84,13.34,18.58871,76.8,89.82601024,160.1706796,0.47936765,51.414,112,0.913331895,376.18,2.14128850739205,1.92343403391793,217.854473474125,821.523360134108,0.593758179000059
"213",20.54,11.26,15.89833,23.5,87.72897874,110.9028133,0.408290465,51.414,112,0.964088407,374.43,1.80621650561402,1.5845752942085,221.641211405526,568.82603019524,0.536769996129005
"214",15.16,7.26,11.21129,103.7,86.81392182,61.08035745,0.397041161,51.414,112,0.99804526,374.63,1.33104717507876,1.1555342539602,175.512921118567,313.284182946779,0.46573877373878
"215",10.74,4.53,7.63167,32.6,89.55466085,28.0636298,0.272761973,51.414,112,1,376.33,1.04598131106463,0.936725015678309,109.256295386317,143.939749200238,0.407228685106814
"216",8.03,1.6,4.81774,49,91.34284207,19.83164629,0.218067546,51.414,112,1,377.68,0.861133972023094,0.786584244076173,74.5497279469213,101.717497471066,0.390627955085102
"217",9.12,3.1,6.10645,21.7,84.76868705,26.04952337,0.198959631,51.414,112,1,378.63,0.941869099154156,0.798410069082641,143.459030071515,133.609297421089,0.38444964583924
"218",7.03,1.41,4.21964,19,86.916885,52.79899133,0.20720878,51.414,112,1,379.91,0.825784308694935,0.717745997936421,108.038310758513,270.80864536154,0.398529513362886
"219",10.79,3.67,7.22742,41.9,83.53197292,89.52217561,0.225856079,51.414,112,1,380.95,1.01744493238773,0.849891825398031,167.553106989699,459.1636790036,0.442406623771885
"220",13.78,4.74,9.26,51.7,80.30720411,138.4072149,0.351159029,51.414,112,1,382.48,1.16819073838478,0.938141320668779,230.049417715998,709.897470219959,0.484276212099845
"221",17.12,6.79,11.95484,16.2,73.54842796,187.850026,0.572717687,51.414,112,1,382.64,1.39816379408102,1.02832749085248,369.836303228539,963.49210071529,0.541673639951223
"222",22,10.27,16.135,33.5,75.99091782,193.1533617,0.58065632,51.414,112,0.950372094,382.4,1.83372469222123,1.39346422391088,440.260468310347,990.69317256604,0.585012040216096
"223",22.44,12.09,17.26452,47.4,86.17843505,172.3825909,0.538543731,51.414,112,0.792677215,380.93,1.97012867475145,1.69782606037211,272.302614379347,884.158858902608,0.584680904146206
"224",21.91,10.51,16.21129,74.3,86.73443342,156.9431828,0.424568872,51.414,112,0.781458822,378.93,1.84266978905835,1.59822920134127,244.440587717081,804.969368963067,0.568837727845548
"225",20.94,10.44,15.68833,46.4,84.82364661,109.0148843,0.459388858,51.414,112,0.913926197,376.89,1.7821116976726,1.51165212862927,270.459569043322,559.142748712961,0.550751388427796
"226",17.16,9.78,13.46935,75.5,90.54750794,60.88751795,0.287357303,51.414,112,0.997263318,377.19,1.5441269012456,1.39816842850904,145.958472736565,312.29509958644,0.474470269087721
"227",10.21,1.83,6.01667,43.5,88.49947858,36.42486646,0.29214002,51.414,112,1,378.54,0.936035884577344,0.82838687717264,107.649007404704,186.824946746716,0.386763494963905
"228",7.66,0.53,4.09355,55.4,88.58650474,23.10181045,0.222144795,51.414,112,1,380.31,0.818497522523253,0.725078346586844,93.4191759364089,118.490331647848,0.370387555144171
"229",7.29,1.58,4.43548,19.8,89.54168443,23.91589588,0.215109678,51.414,112,1,381.58,0.838390672723495,0.750709130460626,87.6815422628689,122.665816196956,0.364333707622563
"230",6.44,0.4,3.41786,44.6,86.31082953,51.41823484,0.20720878,51.414,112,1,382.4,0.780407255339899,0.673575975796172,106.831279543727,263.726676838808,0.373555204961616
"231",8.59,1.73,5.15968,45.9,79.70281986,88.90686717,0.24488623,51.414,112,1,382.86,0.881937569325162,0.702929112156896,179.008457168265,456.007731495542,0.423383995299343
"232",13.66,4.35,9.005,31.1,77.15767526,134.3948095,0.317088626,51.414,112,1,384.8,1.14826030145495,0.885970954536107,262.289346918842,689.317643908051,0.487157255281454
"233",17.22,7.94,12.57903,97,80.94379636,165.0465381,0.51079024,51.414,112,1,385.22,1.45678307185365,1.17917552308817,277.607548765479,846.53188022319,0.547982823374079
"234",22.48,9.8,16.14167,16.5,83.9781958,218.2781846,0.569769124,51.414,112,1,384.24,1.8345052370378,1.54058439992086,293.920837116942,1119.55963541136,0.607232262604323
"235",27.49,13.16,20.32581,30.3,89.16842503,218.6614808,0.506591859,51.414,112,0.854339572,382.65,2.3854683574221,2.12708456390229,258.383793519802,1121.52558063265,0.610869371276891
"236",21.26,11.24,16.25323,86.9,92.45291639,144.643372,0.54750229,51.414,112,0.823874726,380.6,1.84760357534473,1.70816338873211,139.440186612616,741.883029299251,0.57850626122914
"237",22.14,11.96,17.05,71.9,91.48533386,114.1367337,0.444581956,51.414,112,0.988184495,379.04,1.94355951606516,1.77807191204002,165.487604025148,585.412968329291,0.560847148755408
"238",17.36,8.92,13.14194,87.5,87.06365207,61.00738264,0.390126106,51.414,112,1,379.33,1.51148673020625,1.31595554787099,195.53118233526,312.909891526739,0.483162954412971
"239",12.43,2.95,7.68833,107,89.75708842,38.71452001,0.28747579,51.414,112,1,380.35,1.05003677733509,0.942482438675174,107.554338659915,198.568693371482,0.420637981917242
"240",9.34,3.56,6.44839,69.5,89.76826793,18.58271966,0.222144795,51.414,112,1,382.02,0.964380143534233,0.865707351111529,98.6727924227043,95.3116908390351,0.4162450469892
"241",10.2,4.76,7.47742,71.7,87.25101394,26.1509535,0.215109678,51.414,112,1,383.1,1.03501058623685,0.903057230877991,131.95335535886,134.129537588794,0.411590416750944
"242",9.3,2.69,5.99464,92.6,91.29210973,48.77837922,0.20720878,51.414,112,1,384.12,0.934609418212975,0.853224655621904,81.3847625910712,250.186726426989,0.415146138284015
"243",11.77,3.17,7.47097,53,80.14330094,109.3453382,0.248522211,51.414,112,1,384.81,1.03455405812829,0.829125772192737,205.428285935552,560.837663156575,0.467594409908003
"244",18.2,5.46,11.82833,1.7,76.0337801,178.3493312,0.388956212,51.414,112,1,386.73,1.38653875268546,1.05423782621815,332.300926467314,914.762565851627,0.511984032379135
"245",17.24,8.38,12.80968,106.7,78.30688147,154.5897329,0.514833624,51.414,112,1,386.78,1.47898376368723,1.15814606279111,320.837700896127,792.898407694852,0.548170191344972
"246",20.59,11.38,15.98667,62.3,82.0407099,179.922048,0.572082777,51.414,112,1,386.33,1.81644167493216,1.49022164503379,326.220029898365,922.829108325581,0.57504234593268
"247",20.25,11.88,16.0629,158,79.04786915,170.1873394,0.543178332,51.414,112,1,384.73,1.82530587650663,1.44286540084822,382.440475658409,872.899305074634,0.574214712809435
"248",20.91,10.93,15.91935,43.4,79.22082929,151.530729,0.499141799,51.414,112,1,382.24,1.80864494157802,1.43282352162974,375.821419948276,777.208624965158,0.558564977570076
"249",18.99,9.22,14.105,23,83.54477164,105.3800677,0.473761546,51.414,112,1,381.2,1.60926666193675,1.34445815779371,264.808504143042,540.499594084658,0.515536250642191
"250",14.77,6.29,10.53065,43.7,92.37021505,55.94047622,0.370997457,51.414,112,1,381.37,1.27210824079053,1.17504911768698,97.0591231035454,286.92147718,0.455284598572945
"251",11.09,3.44,7.26333,62.2,90.16155566,34.3566908,0.257414869,51.414,112,1,382.7,1.01995180327747,0.919604412817192,100.34739046028,176.217171205064,0.410200573418406
"252",9.63,1.67,5.65161,60.4,88.20709224,22.15506055,0.222144795,51.414,112,1,384.19,0.912643680467745,0.805016453052714,107.62722741503,113.634404451953,0.40272403058254
"253",9.65,3.82,6.73065,82.1,87.27820709,22.88869246,0.215109678,51.414,112,1,385.78,0.983318018836617,0.858222336833507,125.095682003109,117.397238906486,0.398474968560203
"254",10.34,0.19,5.26379,18.8,87.83537432,62.17010418,0.20720878,51.414,112,1,386.06,0.8883589904119,0.780293444533665,108.065545878235,318.873547976387,0.400144746214407
"255",10.07,2.96,6.51774,78.2,79.29961396,95.42177699,0.246004327,51.414,112,1,386.28,0.969003065932552,0.768415690545078,200.587375387474,489.423027101849,0.429082697867071
"256",13.07,3.75,8.40667,52.5,78.10987405,150.6248118,0.330165806,51.414,112,1,387.34,1.10266579559646,0.861290864132827,241.374931463635,772.562130712865,0.492526029183923
"257",19.25,8.4,13.82742,79.9,78.68395483,178.7719453,0.514244637,51.414,112,1,388.78,1.5805303189136,1.24362376220843,336.906556705168,916.930174532187,0.547531535106659
"258",19.72,10.05,14.88667,51.3,83.91130405,198.5732022,0.570118409,51.414,112,1,387.99,1.69266614108676,1.42033823219872,272.327908888047,1018.49180331463,0.56993871864163
"259",21.52,11.67,16.59355,79.4,82.1213062,183.1020592,0.586568946,51.414,112,1,386.61,1.88806847745516,1.55050649563663,337.56198181853,939.139543498936,0.584331875691446
"260",20.43,13,16.7129,54.6,87.23997207,128.0398179,0.47936765,51.414,112,1,384.32,1.90244224810317,1.65969008589309,242.752162210085,656.722576784068,0.560037966054627
"261",18.08,8.75,13.41333,40.1,87.4360691,99.04725912,0.40639606,51.414,112,1,383.41,1.53849867431633,1.34520276397781,193.29591033852,508.018304770532,0.500160412475165
"262",14.26,4.71,9.48226,50.5,90.57873495,68.89235382,0.357552932,51.414,112,1,383.22,1.18580982064317,1.07409153445145,111.718286191723,353.352299803529,0.445964346957768
"263",10.38,3.99,7.185,69.6,92.28484683,24.92986094,0.259742054,51.414,112,1,384.41,1.01449059169172,0.936221088647465,78.2695030442554,127.866493282363,0.394797742381246
"264",6.84,0.84,3.83871,45.2,91.45783349,21.48777659,0.218067546,51.414,112,1,385.79,0.803943190852973,0.735269024844505,68.6741660084681,110.211871923829,0.354576019337494
"265",5.85,-0.3,2.77258,79.3,92.24766342,28.26085355,0.202706307,51.414,112,1,387.17,0.745500465846696,0.687706760528793,57.793705317904,144.951319596286,0.360675628260946
"266",6.97,1.88,4.42321,69.2,89.61176881,46.35648015,0.216400445,51.414,112,1,387.7,0.837669506340896,0.750650461414072,87.019044926824,237.764685970765,0.401171572089876
"267",11.85,2.64,7.24355,34.2,80.24992759,106.6905204,0.243394631,51.414,112,1,389.04,1.01857029283339,0.817401922452043,201.168370381343,547.220970981412,0.452320354855461
"268",15.46,5.34,10.4,23.5,80.32815023,148.0166498,0.308596023,51.414,112,1,389.76,1.26106109866732,1.01298705382957,248.074044837746,759.18473845003,0.50048525658048
"269",17.92,7.67,12.79516,28.5,77.65389724,179.1278061,0.514833624,51.414,112,1,390.36,1.47757746441041,1.14739648585466,330.180978555753,918.755402226082,0.544831429282239
"270",21.37,9.88,15.625,45.2,87.16023244,193.8513468,0.583399105,51.414,112,0.919459662,389.7,1.77489793637798,1.54700516691981,227.892769458169,994.273172764001,0.579061060944655
"271",21.68,12.35,17.01129,57.8,90.6953404,177.9776404,0.556150487,51.414,112,0.84226622,388.24,1.93879870161606,1.75840008210147,180.398619514594,912.856145302564,0.589951202706481
"272",22.36,11.68,17.01935,32.3,85.44178783,140.3368169,0.489991817,51.414,112,0.739641709,386.29,1.9397891314128,1.65739051401113,282.398617401676,719.794494586218,0.564474982533115
"273",19.67,9.78,14.725,34.8,81.79846124,111.4823208,0.455628206,51.414,112,0.711284389,384.95,1.67511265443738,1.37021637536629,304.896279071084,571.798352906312,0.511175062956782
"274",15.35,7.23,11.29194,37.7,88.4583741,55.14983426,0.43991213,51.414,112,0.826444176,384.64,1.3381874840381,1.1837388907898,154.448593248299,282.866235351319,0.475075802313043
"275",11.98,6.14,9.06,155.5,89.27113951,31.75084233,0.280881804,51.414,112,0.995837803,386.23,1.1525335342412,1.02887981925199,123.653714989205,162.85164515235,0.405057078225064
"276",6.06,-0.66,2.7,163.7,90.37907804,22.73080399,0.222144795,51.414,112,1,387.63,0.741661797119489,0.67030709441149,71.3547027079996,116.587421112588,0.327946068690965
"277",3.28,-2.15,0.56537,70,89.93977,24.9276,0.202125981,51.414,112,1,388.91,0.636289734889697,0.572277524093403,64.0122107962937,127.85489680896,0.32973367883877
"278",5.55,0.02,2.78598,95.2,88.22241,41.31369,0.106919181,51.414,112,1,390.41,0.746211090614802,0.658325407827662,87.8856827871399,211.899965169024,0.347505255137389
"279",9.82,1.29,5.55521,48.6,80.0187,93.19631,0.24488623,51.414,112,1,391.37,0.906553249855187,0.725412125341873,181.141124513315,478.008496526976,0.417380164062163
"280",14.15,1.74,7.94217,21.9,71.57344,163.40693,0.304142779,51.414,112,1,392.67,1.06837593209152,0.764673406729967,303.702525361556,838.122248953728,0.453426609273196
"281",15.76,3.69,9.72682,32.6,73.08258,173.10394,0.501597479,51.414,112,1,393.21,1.20546637627228,0.880985928812289,324.48044745999,887.858694215424,0.512834199355368
"282",21.58,7.84,14.70667,4.4,71.65667,216.57178,0.546594219,51.414,112,0.857645667,392.38,1.67313256825456,1.19891108309669,474.221485157864,1110.80740158029,0.56992583408116
"283",23.19,11.25,17.22031,34.8,71.78206,187.56145,0.521220311,51.414,112,0.580085965,390.41,1.96462721691033,1.4102498876189,554.377329291427,962.01198009792,0.533817743016475
"284",20.17,10.26,15.21484,95,78.87349,133.68827,0.479517574,51.414,112,0.679851494,388.54,1.72879425583254,1.36356036449465,365.233891337887,685.693767768192,0.515402722437084
"285",18.23,7.66,12.94153,43.6,82.39665,104.75191,0.458086881,51.414,112,0.881045803,387.03,1.49180765386369,1.22919953122727,262.608122636413,537.277742084736,0.4987780976299
"286",14.33,5.29,9.81206,87.6,85.84187,64.88244,0.390828153,51.414,112,0.997093104,387.43,1.21238458744851,1.04073360145759,171.650985990924,332.785252929024,0.432696750970278
"287",8.3,1.6,4.95058,52.4,88.56331,30.7671,0.300817622,51.414,112,1,388.87,0.869163967169587,0.7697603786527,99.4035885168874,157.80598194816,0.344121300024855
"288",2.31,-3.85,-0.76984,30.4,90.08214,14.99947,0.222144795,51.414,112,1,389.99,0.577320045962687,0.520062252052172,57.257793910515,76.933025603712,0.282990958571085
"289",6.1,0.84,3.46832,79.3,88.31315,22.46463,0.215109678,51.414,112,1,391.5,0.783196752890256,0.691665723175102,91.5310297151549,115.222201515648,0.351971999388645
"290",8.81,2.6,5.70902,51.7,88.37815,35.61893,0.20720878,51.414,112,1,392.05,0.916287881538927,0.809798278378296,106.489603160632,182.691258668928,0.395749594263703
"291",10.7,0.55,5.62674,17,81.54726,91.05451,0.24488623,51.414,112,1,392.8,0.911068983222442,0.742951792527761,168.117190694681,467.023098093696,0.450451172450341
"292",18.12,4.8,11.45938,1.3,71.3409,166.36149,0.416819778,51.414,112,1,393.44,1.35311926223099,0.965327459748948,387.791802482041,853.276333739904,0.500175396875371
"293",17.35,6.09,11.71905,27.7,70.23819,193.96222,0.535422974,51.414,112,0.905144801,394.41,1.37656541670281,0.966874632858011,409.690783844798,994.841846906112,0.518249148621465
"294",18.85,8.06,13.45388,92.7,78.01689,188.4971,0.548276637,51.414,112,0.843808888,393.95,1.54257085554703,1.20346580754419,339.105048002845,966.81097535616,0.54129409060741
"295",20.07,8.88,14.47727,52,75.81351,185.996,0.535043008,51.414,112,0.892672197,392.72,1.64852482266536,1.24980453128388,398.720291381474,953.9827094016,0.556659364147999
"296",20.43,10.26,15.34758,76.5,79.44874,144.98029,0.479517574,51.414,112,0.922273911,390.33,1.74359849368004,1.38526703388777,358.331459792268,743.611098432384,0.554849454859197
"297",19.6,9.01,14.30772,42.3,82.04608,117.86498,0.465697636,51.414,112,1,389.28,1.63054177584407,1.33779560984245,292.746166001624,604.535328523008,0.525736000688771
"298",17.18,6.43,11.80397,26,83.39743,78.56939,0.398419349,51.414,112,1,389.19,1.38431007975819,1.15447902974928,229.831050008909,402.986298351744,0.478979240237763
"299",12.53,4.7,8.6144,45.5,91.51593,31.13045,0.265906467,51.414,112,1,390.48,1.11831150757049,1.02343317645016,94.8783311203361,159.66962212032,0.421221837079645
"300",8.93,1.99,5.46052,83.5,83.82483,23.38691,0.229291735,51.414,112,1,392.06,0.900605762700923,0.754931249554252,145.674513146671,119.952621380736,0.386846391662951
"301",9.04,0.98,5.01239,42.1,84.53305,30.24364,0.215109678,51.414,112,1,393.31,0.872922752065024,0.737908226464503,135.014525600521,155.121129644544,0.363945758749104
"302",6.64,-0.9,2.87238,17.8,81.98506,55.61183,0.20720878,51.414,112,1,394.04,0.750807405380819,0.615549901785908,135.257503594911,285.235834416768,0.392445565083026
"303",14.07,1.13,7.59848,20.2,78.20579,113.15547,0.246004327,51.414,112,1,394.59,1.04361213187089,0.816165112265469,227.447019605418,580.380018141312,0.426065728130446
"304",11.74,2.43,7.08277,121.5,78.83925,127.47741,0.330165806,51.414,112,1,396.38,1.00740180515569,0.794228027671208,213.173777484483,653.837958769536,0.468595965372776
"305",17.02,7.43,12.22427,49.7,76.83888,166.90557,0.517564656,51.414,112,1,396.93,1.42320749294853,1.09357669765773,329.6307952908,856.066947046272,0.525635608696195
"306",18.09,9.56,13.82568,132.8,80.27407,160.01925,0.574242353,51.414,112,1,395.91,1.58035161570854,1.26861256224001,311.739053468536,820.7466702048,0.555242688139359
"307",20.36,11.13,15.74415,84.7,80.11905,171.82134,0.536440202,51.414,112,1,394.56,1.78849130909176,1.43292224617688,355.569062914879,881.280175198464,0.577863524358828
"308",22.24,11.3,16.77074,37.7,79.87327,157.99114,0.330684675,51.414,112,1,392.59,1.90944255723509,1.52513420923529,384.308347999802,810.344393420544,0.555624000719088
"309",18.95,6.59,12.77175,53,80.26382,123.5131,0.4803786,51.414,112,1,391.32,1.47531261792897,1.1841422640918,291.170353837174,633.50481614976,0.496900761930233
"310",13.46,5.82,9.64013,102.7,88.79798,57.19112,0.386170864,51.414,112,1,391.27,1.19846611350292,1.0642136997751,134.25241372782,293.336091159552,0.438590854818606
"311",10.16,2.18,6.16602,87,90.06843,34.69685,0.275207141,51.414,112,1,393.2,0.945757156276111,0.851828622270539,93.9285340055712,177.96186461376,0.391057947808609
"312",8.06,0.89,4.47605,113.7,88.98562,21.2895,0.215396032,51.414,112,1,394.57,0.840779065331299,0.748172464115261,92.6066012160376,109.1949014592,0.36565382026342
"313",5.86,1.01,3.43352,64,88.7338,22.41053,0.215109678,51.414,112,1,395.78,0.781272021648019,0.69325235314511,88.0196685029091,114.944719932288,0.338023882654339
"314",5.98,-3.36,1.31393,45.5,78.26894,46.16463,0.20720878,51.414,112,1,397.03,0.671627095125341,0.525675408107396,145.951687017945,236.780677035648,0.336161649027894
"315",5.94,-0.37,2.78558,85.6,75.8152,67.63201,0.24488623,51.414,112,1,397.66,0.746189869279128,0.565725341773709,180.464527505418,346.887933837696,0.390842613379846
"316",12.11,2.43,7.272,42.3,69.89201,147.66715,0.302126057,51.414,112,1,398.64,1.02055786903658,0.713288407882832,307.269461153746,757.39213664064,0.449695933620786
"317",14.95,4.94,9.94271,50.9,72.955,164.28348,0.514833624,51.414,112,1,400.02,1.22305612112892,0.892280593169601,330.775527959315,842.618117380608,0.50494242859203
"318",18.69,8.53,13.60965,17.1,73.89099,179.76227,0.581090719,51.414,112,1,398.81,1.55830195588056,1.15144474238951,406.857213491052,922.009599038592,0.573078219683158
"319",25.61,10.87,18.24168,22.5,71.38966,215.95287,0.55728969,51.414,112,0.838099629,397.51,2.09521988958945,1.49577035543028,599.449534159166,1107.63298149235,0.597335693289432
"320",23.3,10.78,17.03979,41.1,75.9902,165.38377,0.429443923,51.414,112,0.650062507,395.39,1.94230282893178,1.47595980431092,466.343024620862,848.261559364992,0.535323408503115
"321",18.91,7.81,13.3604,54.5,87.00696,98.30248,0.467258866,51.414,112,0.733488761,393.72,1.53319744442318,1.3339884871903,199.208957232882,504.198295723008,0.505688772816115
"322",16.19,8.06,12.12532,110.7,93.64128,55.86643,0.390126106,51.414,112,0.97954303,393.9,1.41396462616021,1.32405457468364,89.9100514765747,286.541690444928,0.460868520693397
"323",9.69,2.2,5.94592,56.1,93.16638,34.32713,0.262507541,51.414,112,1,395.36,0.931461546698003,0.867809004150539,63.652542547464,176.065552395648,0.396203317038701
"324",9.32,1.59,5.4551,111.6,93.4256,19.72365,0.222144795,51.414,112,1,397.03,0.900266375219718,0.841079262647272,59.1871125724451,101.16357914304,0.390595071728215
"325",9.1,1.82,5.46045,177,95.03754,26.79525,0.236528757,51.414,112,1,398.04,0.900601378748953,0.855909395569088,44.6919831798652,137.4341662944,0.396372291127511
"326",9.31,2.78,6.04666,132.6,85.7446,53.2861,0.213752581,51.414,112,1,398.28,0.937980853209148,0.804267930660771,133.712922548377,273.30704989056,0.407743319027916
"327",12.12,1.19,6.6539,40.8,90.29702,101.86916,0.258279009,51.414,112,1,399.91,0.978136422974508,0.883228041480576,94.9083814939319,522.491974350336,0.434432532291691
"328",14.28,3.57,8.92942,126.3,90.11684,139.45052,0.400659501,51.414,112,1,401.51,1.14241084383631,1.02950455228262,112.906291553693,715.248633825792,0.47748188758794
"329",16.58,6.49,11.53397,169.6,90.8309,164.19358,0.483092016,51.414,112,1,401.97,1.35981796047731,1.23513489186318,124.683068614125,842.157015821568,0.526921082338936
"330",20.74,8.49,14.61338,92.8,89.82507,206.5764,0.616256687,51.414,112,1,401.43,1.663086753091,1.49386884012472,169.217912966282,1059.54060178944,0.576832900963042
"331",24.47,11.11,17.79235,56.9,88.23892,208.27015,0.548203102,51.414,112,1,399.26,2.0368611017959,1.7973042381248,239.556863671097,1068.22792954944,0.585471708376496
"332",21.48,9.52,15.50136,94.4,90.05843,159.23747,0.529319914,51.414,112,1,397.2,1.76088814651776,1.58582821880999,175.059927707765,816.736881808512,0.557157686407104
"333",20.76,8.06,14.41125,7.2,97.69807,108.50067,0.502317817,51.414,112,1,395.54,1.64150194303169,1.60371571735446,37.7862256772292,556.505318063232,0.529374407751175
"334",16.26,7.91,12.08303,97.4,99.427,58.67747,0.441551673,51.414,112,1,396.15,1.4100304483562,1.40195097388712,8.07947446908086,300.959654032512,0.462644184083047
"335",11.8,0.36,6.0777,10.6,98.21546,30.38308,0.294490503,51.414,112,1,397.4,0.939997668262817,0.9232230338736,16.7746343892174,155.836324320768,0.392488455885542
"336",8.44,1.22,4.82987,53.5,84.61165,23.21748,0.222144795,51.414,112,1,399.08,0.861864489758965,0.729237765549142,132.626724209824,119.083606507008,0.373794737531576
"337",8.06,0.11,4.08447,0,82.60816,28.70776,0.219872522,51.414,112,1,400.18,0.817974982404278,0.675714082224498,142.26090017978,147.243524944896,0.361448380190604
"338",6.76,-0.03,3.36659,15.2,82.48734,44.8405,0.182252396,51.414,112,1,400.55,0.777581963914992,0.641406678353237,136.175285561755,229.9891485888,0.383321952140664
"339",10.55,1.9,6.22585,27.3,74.98991,90.65543,0.282597059,51.414,112,1,401.73,0.949676412057135,0.712161486692875,237.51492536426,464.976196979328,0.431621682635726
"340",15.24,2.6,8.91963,20.8,71.77133,158.11031,0.320433218,51.414,112,1,403.38,1.14165507535979,0.819381031598224,322.274043761566,810.955622261376,0.474533846476972
"341",16.21,6.25,11.22665,52.4,71.72105,174.09481,0.592844955,51.414,112,1,404.16,1.33240447863397,0.955614482323312,376.789996310662,892.940915592576,0.52088649599162
"342",20.18,8.29,14.23257,17.3,68.9731,198.0743,0.600945616,51.414,112,0.955709579,402.97,1.62262630924647,1.11917566690288,503.450642343594,1015.93290918528,0.56296062576235
"343",22.42,10.39,16.407,72.5,71.96453,167.57858,0.599920516,51.414,112,0.849399087,401.46,1.86579211591773,1.34270852699725,523.08358892048,859.518848717568,0.576772255141651
"344",21.05,10.67,15.86168,111.3,79.31391,127.77614,0.430336821,51.414,112,0.997744109,399.1,1.80198917377883,1.42922807150068,372.761102278145,655.370159756544,0.539972516366617
"345",17.72,5.87,11.79788,79.3,81.84501,115.12971,0.465510717,51.414,112,1,397.83,1.38375340345743,1.13253311143508,251.220292022357,590.505993023616,0.492542801160384
"346",14.87,5.86,10.36518,55,87.4254,57.41969,0.42647974,51.414,112,1,398.49,1.25813115679145,1.09992619634955,158.204960441897,294.508438026624,0.469774151470128
"347",12.44,6.26,9.35037,65.7,85.04588,23.33396,0.262507541,51.414,112,1,400.34,1.1753266062507,0.999566855160039,175.759751090657,119.681038204416,0.464050285196749
"348",12.71,7.58,10.14524,62.2,80.35554,17.57845,0.222144795,51.414,112,1,402.06,1.23976212373379,0.996217549241759,243.544574492036,90.16074194112,0.423588460248333
"349",8.47,0.84,4.65511,103.6,85.04417,25.28838,0.224009879,51.414,112,1,402.67,0.851392335989232,0.724059545585653,127.332790403578,129.705355323648,0.377816580020481
"350",8.42,0.98,4.70319,59.4,77.77568,50.76505,0.221897955,51.414,112,1,404.24,0.85426218673081,0.664408224712757,189.853962018053,260.37645939648,0.38466328437748
"351",9.64,0.91,5.27645,88,79.3555,85.12642,0.255926069,51.414,112,1,405.06,0.889142653087852,0.70558359807113,183.559055016722,436.617630450432,0.410655110730032
"352",12.37,2.54,7.45382,41.5,74.12556,138.58524,0.32559463,51.414,112,1,407.62,1.03334105122329,0.76596984092915,267.371210294139,710.810569787904,0.471449842521889
"353",17.75,6.71,12.22826,50.2,74.68356,175.46593,0.529461349,51.414,112,1,407.9,1.42358130705826,1.06318119960564,360.40010745262,899.973458080128,0.534232402263101
"354",19.06,10.89,14.97042,157.1,83.31514,147.45306,0.574242353,51.414,112,1,407.01,1.70182264665154,1.41787592060944,283.946726042104,756.294058411776,0.57333783809556
"355",22.12,11.6,16.86155,28.4,76.58487,176.40697,0.536440202,51.414,112,1,404.58,1.92047871493342,1.47079612720943,449.682587723989,904.800098915712,0.590509273915452
"356",23.16,11.38,17.272,32.1,76.53984,161.34002,0.521971096,51.414,112,1,402.45,1.97106081331916,1.50864679281719,462.414020501977,827.520965044992,0.582080743400847
"357",20.93,10.55,15.74273,36.6,83.45003,92.93698,0.573882027,51.414,112,1,401.23,1.78832877092645,1.49236089583676,295.967875089697,476.678380094208,0.524162341767359
"358",14.94,4.8,9.87056,46,86.4128,65.54407,0.388040744,51.414,112,1,401.81,1.21715271954112,1.05177574523163,165.376974309491,336.178786015872,0.438240928952537
"359",10.05,1.35,5.69825,92.1,87.85725,33.09927,0.262214526,51.414,112,1,403.72,0.915603261059918,0.804423846077565,111.179414982353,169.767797553792,0.391212449063399
"360",9.35,0.86,5.10587,12.4,92.28587,20.01831,0.218067546,51.414,112,1,404.64,0.878634682023593,0.810855660427207,67.7790215963866,102.674904898176,0.364487678485495
"361",6.81,-1.46,2.6764,76.2,90.97902,26.00897,0.194663501,51.414,112,1,406.37,0.740417386774262,0.673624482396833,66.7929043774287,133.401297174912,0.372464713295629
"362",9.1,2.6,5.84829,46.1,87.79079,38.96306,0.20720878,51.414,112,1,406.66,0.925181637320923,0.812224268338973,112.95736898195,199.843467307776,0.426460618479762
"363",12.85,4.71,8.77979,39.1,79.71918,86.62054,0.259038124,51.414,112,1,407.55,1.13090762346756,0.901550283985824,229.357339481733,444.281046038784,0.446579754361061
"364",14.41,2.24,8.32747,3.5,71.95422,142.66091,0.331592897,51.414,112,1,409.23,1.09675156868128,0.789159036582376,307.592532098899,731.714883371136,0.479458173358062
"365",17.72,7.1,12.41047,88.1,78.76897,155.72507,0.598468459,51.414,112,1,409.92,1.44074429848872,1.13485944425329,305.88485423543,798.721607993472,0.548846633170885
"366",22.09,10.8,16.44455,49.7,74.9655,192.68864,0.607245748,51.414,112,1,409.09,1.87025744293777,1.40204784338552,468.209599552257,988.309591916544,0.585854828382314
"367",22.26,11.81,17.03739,94,76.59289,169.84501,0.538543731,51.414,112,1,407.34,1.94200753078225,1.48743969184377,454.567838938486,871.143480602496,0.578834470897089
"368",20.9,10,15.45016,76.4,81.65109,142.7359,0.545608788,51.414,112,1,405.3,1.75511505997294,1.43307057722206,322.04448275088,732.09951080064,0.5464198545396
"369",18.12,7.87,12.99813,72.5,86.45101,100.52089,0.491585482,51.414,112,1,403.56,1.49734251535223,1.29446772768141,202.874787670823,515.576630646144,0.5145723359292
"370",15.96,7.76,11.86063,30.3,85.57824,56.51931,0.390126106,51.414,112,1,403.83,1.38949870846655,1.1891085395284,200.390168938146,289.890344347776,0.458972219434334
"371",10.19,1.76,5.97515,39.3,87.14019,32.67876,0.260280492,51.414,112,1,405.35,0.933349017118774,0.813322106880432,120.026910238342,167.610980906496,0.386737772020735
"372",7.33,0.9,4.11127,94.2,88.48606,18.72238,0.222144795,51.414,112,1,407,0.819518129626096,0.725159303891825,94.3588257342709,96.028015650048,0.378288787970683
"373",8.66,2.05,5.3565,74.3,85.65071,22.87939,0.252842899,51.414,112,1,408.15,0.894111928593748,0.765813215035239,128.29871355851,117.349526127744,0.359745540768635
"374",6.16,-1.95,2.10457,38.2,80.35264,61.8384,0.239602291,51.414,112,1,408.52,0.710823277427404,0.571165269147443,139.658008279961,317.17222078464,0.366332780289539
"375",9.15,1.95,5.55237,80.6,83.80424,63.90866,0.24488623,51.414,112,1,409.58,0.90637436683757,0.759580149683037,146.794217154532,327.790687009536,0.443802011972986
"376",15.09,6.65,10.87252,87.3,81.37168,101.96014,0.353057911,51.414,112,1,410.44,1.30141867834509,1.0589862424032,242.432435941894,522.958615282944,0.511792651703052
"377",20.02,6.98,13.5001,56.4,76.12938,190.71661,0.533370625,51.414,112,1,411.44,1.54722397249364,1.17789201747078,369.331955022861,978.194952233856,0.559760947075691
"378",23.32,10.28,16.79743,2.8,73.68926,209.84365,0.578148499,51.414,112,0.966209679,411,1.91268041883558,1.40944004680484,503.24037203074,1076.29848909504,0.611036901559468
"379",28.03,12.28,20.15926,16.7,67.29636,203.55211,0.553835977,51.414,112,0.644425027,408.94,2.36104654749782,1.5888983843717,772.148163126114,1044.02886837466,0.595062972650874
"380",24.25,11.43,17.8424,31.1,76.40071,140.32197,0.401520089,51.414,112,0.475323208,407.17,2.04329034737869,1.56108833275879,482.202014619904,719.718344099712,0.492230770017216
"381",20.7,7.53,14.11942,39,78.63776,114.52202,0.448522023,51.414,112,0.500622975,405.71,1.61077192933133,1.26667496393494,344.096965396389,587.389120872192,0.439140536061338
"382",16.51,5.49,10.99729,76.2,85.22625,72.03792,0.40819032,51.414,112,0.737793086,406.18,1.31226280933255,1.11839238253878,193.870426793768,369.486064760832,0.444217713235678
"383",12.34,3.58,7.96088,73,90.1155,32.19317,0.303261476,51.414,112,0.99198694,408.22,1.06973876111629,0.964000433273752,105.73832784254,165.120365711232,0.429509431140358
"384",10.89,3.77,7.33273,73.7,89.98317,19.66858,0.227071018,51.414,112,1,409.27,1.02481202391636,0.922158345661101,102.653678255261,100.881122381568,0.396102985769714
"385",7.89,0.58,4.23527,34.9,85.50734,28.26157,0.227236952,51.414,112,1,411.03,0.826691546474921,0.706881951395568,119.809595079352,144.954994303872,0.390797498731615
"386",12.16,0.71,6.43475,49.7,87.26756,63.18067,0.22852063,51.414,112,1,411.96,0.963473181309117,0.840799536582843,122.673644726275,324.056790191232,0.430525285094571
"387",13.19,4.52,8.85494,60,78.79999,94.89702,0.248093386,51.414,112,1,412.18,1.13667218404114,0.895697567357204,240.974616683941,486.731522472192,0.455102672760029
"388",15.49,2.93,9.21202,22.5,76.38583,146.28243,0.369091419,51.414,112,1,413.61,1.16441761463204,0.889450059602884,274.967555029154,750.289839078528,0.479549783648737
"389",17.75,5.21,11.47895,46.8,76.84711,184.64884,0.498215311,51.414,112,1,414.9,1.35487397212044,1.04118149171677,313.692480403677,947.073058942464,0.530748217375033
"390",20.67,9.84,15.25692,115.9,80.34656,187.94809,0.641205584,51.414,112,1,414.15,1.73347538101314,1.39278783709095,340.687543922189,963.995075835264,0.58668825184131
"391",24.91,11.84,18.37394,48.9,75.25565,209.87761,0.547118469,51.414,112,1,411.96,2.11267420012153,1.58990670168376,522.767498437771,1076.47267161946,0.606819793205485
"392",24.34,11.44,17.8914,39.6,78.38831,178.02387,0.488110897,51.414,112,1,410.17,2.04960191817701,1.60664830538654,442.953612790469,913.093259213952,0.581237301735489
"393",21.22,8.68,14.95255,73.9,82.0419,126.33861,0.469547971,51.414,112,1,408.76,1.69986525759905,1.39460175477416,305.263502824895,647.996997085056,0.525910677170608
"394",15.46,6.15,10.80561,117,89.92288,59.10336,0.397756561,51.414,112,1,408.74,1.29563583824994,1.16507306006649,130.562778183452,303.144064966656,0.452128810925289
"395",10.36,2.32,6.3373,106.5,93.94533,29.72976,0.27927687,51.414,112,1,410.47,0.95701528956147,0.899071171928979,57.9441176324915,152.485413636096,0.406417984109914
"396",10.19,2.48,6.33573,116.3,90.71765,23.21159,0.226328588,51.414,112,1,411.97,0.956911560533107,0.868087680293962,88.8238802391448,119.053396404864,0.40996678305917
"397",10.09,3.67,6.87684,66.2,90.39727,25.71919,0.229650833,51.414,112,1,413.59,0.993254623741268,0.897875064010878,95.3795597303898,131.915001181824,0.418973661541566
"398",11.28,3.32,7.29847,126,81.83364,48.3753,0.217265606,51.414,112,1,414.32,1.02241018473245,0.836675469897291,185.734714835163,248.11931311488,0.421926448048079
"399",11.83,2.42,7.12619,50.7,77.50851,103.4431,0.262672948,51.414,112,1,414.72,1.01040726775045,0.783151618165082,227.255649585365,530.56479067776,0.456292111389695
"400",18.11,3.57,10.84338,38.2,71.92988,179.3054,0.385060457,51.414,112,1,416.42,1.29889740896144,0.93429534758907,364.602061372366,919.66629014784,0.505632178303038
"401",20.15,5.72,12.9345,13.9,66.56027,255.01951,0.553556999,51.414,112,0.970679951,417.28,1.49112145221587,0.992494464622801,498.626987593064,1308.0077157577,0.547963088854769
"402",21.81,10.26,16.03582,65.8,76.36374,205.18355,0.584798983,51.414,112,0.814399322,416.58,1.82215261950359,1.39146388876091,430.68873074268,1052.39660505408,0.579223723317018
"403",22.32,10.89,16.60402,42.5,75.8138,201.92035,0.576853596,51.414,112,0.667989291,414.59,1.88932560052355,1.43236953212973,456.956068393828,1035.65949039936,0.582430045344694
"404",25.59,13.45,19.52119,76.9,78.87286,165.85725,0.506662074,51.414,112,0.676941616,412.75,2.26949530323869,1.79001585323002,479.479450008662,850.6900617696,0.57012525432337
"405",21.31,8.46,14.88437,8.3,81.23853,131.27347,0.473235057,51.414,112,0.655339371,411.5,1.69241528956351,1.37489330273664,317.521986826871,673.308138794112,0.502254345445346
"406",15.2,7.08,11.14173,96.9,91.41777,58.04813,0.410635148,51.414,112,0.797191504,411.49,1.32491562610334,1.21120831976521,113.707306338128,297.731737957248,0.457492456381086
"407",13.08,4.58,8.83313,66.7,92.33297,33.27692,0.259742054,51.414,112,1,413.1,1.13499653896352,1.04797601382223,87.020525141295,170.678973215232,0.425290580809126
"408",8.99,2.18,5.58629,74.8,94.04634,18.96761,0.218067546,51.414,112,1,414.23,0.908512919915773,0.854423149607915,54.0897703078573,97.285812483456,0.379550024769292
"409",7.28,0.69,3.98781,38.4,93.40668,22.82794,0.215109678,51.414,112,1,415.49,0.81243056225195,0.758864415504879,53.5661467470703,117.085636525824,0.379299548801805
"410",9.09,1.73,5.4098,82.4,84.57842,46.61391,0.243666077,51.414,112,1,416.69,0.89743420334309,0.759035669727173,138.398533615917,239.085056439936,0.406725567021863
"411",11.71,2.43,7.07142,30.8,81.16422,90.31894,0.251603741,51.414,112,1,417.61,1.00661747565904,0.817013222502353,189.604253156691,463.250323079424,0.41779983923787
"412",13.26,0.09,6.67532,12,70.29921,172.20607,0.310732621,51.414,112,1,419.01,0.979580118520266,0.688637084636811,290.943033883455,883.253474451072,0.448972603576974
"413",15.59,5.47,10.53197,98.5,79.89544,170.22194,0.472875091,51.414,112,1,419.09,1.27222028640259,1.01644599559061,255.774290811981,873.076773268224,0.534428859821155
"414",22.21,11,16.60247,102,82.72626,196.92482,0.593115217,51.414,112,1,418.93,1.8891394472472,1.56281441089228,326.325036354918,1010.03716925107,0.596859110143851
"415",23.95,12.77,18.35911,75.3,84.60782,203.61828,0.542227113,51.414,112,1,416.9,2.11071077594785,1.78582637403456,324.88440191329,1044.36825758669,0.597635666064923
"416",21.6,11.51,16.55547,60.8,84.91945,149.96196,0.479517574,51.414,112,1,414.42,1.88350242506466,1.59945990010157,284.042524963088,769.162330953216,0.578648827811061
"417",21.97,10.36,16.16697,45.6,88.62949,115.57829,0.446791522,51.414,112,1,413.26,1.83746857160452,1.62853902392337,208.929547681149,592.806782093184,0.545757658184308
"418",16.95,7.33,12.13976,116.2,91.30309,63.91326,0.390126106,51.414,112,1,413.9,1.41531016473384,1.29222191348608,123.088251247754,327.814280637696,0.470217293752662
"419",11.62,2.43,7.0234,16.2,90.7924,31.59326,0.289886263,51.414,112,1,414.97,1.00330505347133,0.910924737367904,92.3803161034262,162.043397565696,0.420605376663721
"420",10.14,4.58,7.35648,76.7,92.20555,16.61875,0.222144795,51.414,112,1,416.67,1.02647996150734,0.946471494147632,80.0084673597089,85.23839304,0.399414969579953
"421",9.05,0.27,4.65873,19.6,91.14442,27.65755,0.234336288,51.414,112,1,418.12,0.851608114065094,0.776193276237568,75.4148378275257,141.85694576448,0.401501569304332
"422",11.31,3.23,7.26927,57.2,82.1811,52.83912,0.213990321,51.414,112,1,419.24,1.02036699752153,0.838548822600163,181.818174921363,271.014467300352,0.427797229105045
"423",13.25,2.32,7.78842,59.5,82.98167,102.98377,0.271427044,51.414,112,1,418.76,1.05723460360361,0.877310929888159,179.923673715455,528.208864324992,0.447091846346243
"424",15.39,3.18,9.28337,21,74.57933,160.64514,0.372267247,51.414,112,1,420.19,1.17003243571324,0.872602351337617,297.430084375626,823.956891058944,0.498313486357552
"425",19.14,8.21,13.67797,45.1,80.56651,184.86086,0.62295385,51.414,112,1,420.97,1.56524583914502,1.26106394551936,304.181893625664,948.160520038656,0.551685576402125
"426",21.98,9.12,15.55193,33.3,76.84167,226.03603,0.58863334,51.414,112,0.904313384,420.94,1.76660653085814,1.35748996064046,409.11657021768,1159.35000925709,0.593278623290314
"427",26.46,11.68,19.07324,6.1,69.16706,229.01197,0.569939348,51.414,112,0.508581864,418.85,2.20709236538758,1.52658090062305,680.511464764534,1174.61375312371,0.559384641733647
"428",27.15,12.31,19.72997,49.7,72.47022,193.75233,0.510269488,51.414,112,0.335317718,417.15,2.29910345450354,1.66616533150631,632.938122997225,993.765310685568,0.443987220187308
"429",20.4,9.27,14.83353,50.4,86.56092,113.90828,0.491437894,51.414,112,0.472362693,415.91,1.68687869861048,1.46017772080125,226.700977809221,584.241217970688,0.44652464244812
"430",18.34,7.6,12.9696,85.1,91.5021,78.78395,0.379052749,51.414,112,0.749528568,415.74,1.4945503440541,1.36754495036673,127.005393687373,404.08678723392,0.477640798340057
"431",13.62,6.45,10.0353,150.9,96.24611,30.94954,0.292414191,51.414,112,0.998958341,417.47,1.23066882699781,1.18447087296802,46.1979540297879,158.741725757184,0.424038602970972
"432",7.7,0.07,3.88673,54.7,99.46277,19.60959,0.232756745,51.414,112,1,419,0.806668101202492,0.802334438162402,4.33366304009009,100.578559745664,0.37545129812921
"433",8.98,1.45,5.21493,79.29,93.28447,30.56359,0.232763151,51.414,112,1,419.47,0.885340229982808,0.825884941236244,59.4552887465645,156.762169064064,0.389157863537209
"434",9.9,1.06,5.47863,0.55,83.21379,49.03471,0.259815137,51.414,112,1,420.31,0.90174058590828,0.750372517502486,151.368068405794,251.501459711616,0.402965334297321
"435",9.95,3.34,6.64327,6.35,82.62887,72.43061,0.183847638,51.414,112,1,420.99,0.977420663316159,0.807631649244647,169.789014071512,371.500191248256,0.427801831612916
"436",13.27,2.93,8.10468,86.09,77.85319,145.86138,0.286895471,51.414,112,1,423.36,1.08026427837239,0.841020201143384,239.244077229004,748.130252744448,0.47354914365121
"437",17.46,6.14,11.80253,46,76.18323,204.46401,0.498280808,51.414,112,1,424,1.38417843410901,1.05451184006767,329.666594041345,1048.7060487049,0.549365368485277
"438",24.02,10.31,17.16495,28.25,69.9435,247.59538,0.552574239,51.414,112,0.977466218,423.68,1.95775723708281,1.36932393311902,588.433303963796,1269.92898475085,0.584401596379439
"439",20.69,11.37,16.02998,87.25,76.0162,182.42866,0.51900226,51.414,112,0.936254701,421.83,1.8214732226887,1.38461472790549,436.858494783213,935.685645601536,0.57539612931693
"440",21.43,10.82,16.12418,74.5,81.27487,165.6464,0.469959689,51.414,112,1,419.68,1.83245912004753,1.48932876762177,343.130352425755,849.60860166144,0.579525204550466
"441",22.77,10.84,16.80183,70.53,82.95186,130.06299,0.461262402,51.414,112,1,418.5,1.91321466048717,1.5870471466668,326.167513820378,667.099526834304,0.551552552608615
"442",17,7.33,12.16939,98.99,88.97038,73.01007,0.433023683,51.414,112,1,418.82,1.41807464956086,1.26166640439796,156.408245162894,374.472270329472,0.470417974363806
"443",11.09,2.92,7.00665,100.01,89.5764,35.59861,0.269387818,51.414,112,1,420.46,1.00215189807504,0.897691592827289,104.46030524775,182.587036381056,0.415747736344974
"444",9.57,3.85,6.71071,66.88,88.46638,17.79659,0.222144795,51.414,112,1,421.86,0.981969496960813,0.868712866665442,113.256630295372,91.279592820864,0.411983119941427
