"","wn","ro","pet","aet","snow","cond","bflow","netr","sm_lim"
"1",393.492637862999,20.0634527868284,17.9761171596851,5.83472669680934,1.40122153075601,0.933852318903849,1.06286462842683,58.4765553728485,1
"2",393.499001762721,21.9467702076017,34.1972064072893,12.6748758703207,0,1.02895614986195,1.00827527225368,108.200814467653,1
"3",393.430637823646,27.0899664696893,71.8783614073414,30.9345909798619,0,1.324972970857,1.20465775542053,217.979803754584,1
"4",391.079258433662,2.41545412135156,101.826437980811,49.1031996144029,0,1.21809196133727,1.28393778691368,298.878682551371,1
"5",385.909835808126,0,117.56988279285,60.2697932936765,0,0.928038362987966,1.25937612288779,339.530869739702,1
"6",387.18040329378,16.7824231775391,110.413423535731,61.6640409890688,0,0.719077335802029,1.24922476730037,311.338477297837,1
"7",382.898873427469,0,108.019988546501,62.3618031894518,0,0.789784269175782,1.24655718072913,301.650107247237,1
"8",374.852127359466,0,91.6693556058678,51.5551992042915,0,0.902797123342677,0.617869825672208,257.701894963029,1
"9",386.674184147821,11.2688582663753,58.6208631938577,30.2896527817219,0,0.785457749866166,1.17343800691788,168.663014464196,1
"10",393.505683385866,172.546961457666,30.491103215965,13.7035134695456,0,0.574404735432048,1.11632336907009,91.201360271948,1
"11",393.495976192042,45.9120806178688,12.7783233705251,5.17588756757922,0,0.41282871652343,1.13230646843895,39.3455322060536,1
"12",393.493464167251,15.1214859561543,10.0072088478344,3.95105984865866,0,0.597946260093786,1.21247102663217,31.0265062449508,1
"13",393.501303391102,95.2827827418185,20.8506076039534,8.05316172811704,0,1.38508865455463,1.05307069539741,65.0846485353145,1
"14",393.475273077953,30.5220454950921,37.7993793787153,15.1032022549043,0,1.3026594112788,1.08743443381942,116.928607389929,1
"15",393.380882170175,31.8942502781564,67.2954277888897,28.9445325815482,0,1.14530681860188,1.20625892948364,203.949932505775,1
"16",385.214341688008,0,100.529459162131,48.2021681862916,0,1.14561543617486,1.07027911926564,295.687882329805,1
"17",360.738342827455,0,119.835517736198,63.6908422789214,0,0.986421346085102,0.0891397448400024,342.497141471787,1
"18",338.462210916235,0,110.590136097175,61.4580541172988,0,0.716146567922509,0.0063206909492458,312.253343194111,1
"19",347.238577254177,0,106.85366998807,60.4843968846866,0,0.763167689932593,0.0325480723611404,300.062186690421,1
"20",361.579359892288,0,89.400016889448,49.4420998990512,0,0.859205763779466,0.0975538562877102,252.518661573329,1
"21",371.365400437435,0,57.8408013993109,29.5776353664274,0,0.771675931695816,0.481103038111082,166.882086895389,1
"22",393.212569084456,47.5745017351076,32.2625899656954,14.1578627215664,0,0.630977444696023,1.20591483792093,97.2254678766544,1
"23",393.488407219509,9.62695766549945,15.0693271212423,6.01174952275539,0,0.526541025537194,1.19201205905551,46.6181312380857,1
"24",393.491914850086,7.55385391852946,10.6833142153216,4.38042804603978,0,0.69722360596402,1.26152078446097,32.7566571376012,1
"25",393.496956086899,22.252575757467,20.1162527418561,7.98692582206447,0,1.33593383993141,1.19606228435733,62.2759983593234,1
"26",393.484577947831,39.485705172111,36.4183451838043,15.2626604611467,0,1.31628114652173,1.06972069336677,111.076007074914,1
"27",393.373189380733,43.3450618094291,67.7780015103036,29.1630614245386,0,1.2162951743635,1.19898080326509,205.371510548395,1
"28",393.129129258303,21.7153565380492,111.370922995994,54.1759481296218,0,1.40926471265796,1.25355559018157,326.400779225367,1
"29",361.677479425668,0,149.846631943272,82.5796612113622,0,1.53738767687897,0.416318796634268,423.817398325031,1
"30",300.642385542035,0,141.9434602828,83.5986108301685,0,1.19163277527168,0.000185419263023337,394.150084074491,0.882729005147094
"31",266.62878010904,0,126.788409183439,74.5577197377349,0,1.1579521172005,1.24379060990824e-07,349.20491958519,0.686604934259003
"32",257.158362825177,0,92.0001658758792,50.0518014976528,0,1.01072387074478,9.93622040132233e-09,256.660949750243,0.630464793275335
"33",258.887553346611,0,53.3905780537044,27.0456627187272,0,0.750636726384641,1.24032468209902e-08,151.846307741942,0.640715344729523
"34",298.609269591777,0,31.1658773569115,14.2204167028508,0,0.631274557383597,0.000161501970484753,92.4383668885615,0.870694293236286
"35",332.27156317267,0,14.6710131088623,5.93602147772557,0,0.498903344868151,0.00176617801467507,45.1869271094848,1
"36",383.371357743022,73.9548602963614,9.80465962584526,3.98022171804866,0,0.60203994085737,0.809826133384519,30.1494822593959,1
"37",393.50431201934,75.6624054073217,18.9121360539491,8.03247298641568,0,1.25592418856412,1.15883573137905,57.4016417834835,1
"38",393.505245119529,94.1102053838752,39.6637853700159,17.4545727162256,0,1.58997776945969,1.02056353273231,119.24146457137,1
"39",381.110690577399,0,83.9661458819841,37.1958171361936,0,1.82972136520674,0.890612073590672,252.23530567871,1
"40",355.091471306502,0,119.587359632403,58.1758936810882,0,1.62106615440743,0.0549345929022006,350.289319714482,1
"41",303.954798628411,0,128.711882197412,68.8885043723578,0,1.15868782801118,0.000355715679097942,367.011373969376,0.896379568921892
"42",263.205370032526,0,120.886623482214,66.2081839699907,0,0.922281678676484,5.75001259396161e-08,338.633836014291,0.666311137419879
"43",223.477868642929,0,119.80728693643,61.3926460691771,0,1.22073747618553,1.17703507942345e-10,329.608549562723,0.430808575907498
"44",198.427322152514,0,84.4919726393225,33.6724842280032,0,1.07576318277005,1.20615127701948e-16,235.353490433198,0.282310239505137
"45",195.991673388118,0,49.7872194503736,16.3035945143189,0,0.809461145850319,2.59662919946988e-17,142.658396117084,0.267871840338407
"46",221.833831337788,0,29.4810123257801,10.2940960906109,0,0.70848687382823,6.45443193360844e-11,86.9176629602863,0.421062808289601
"47",260.985798755937,0,14.8903076918282,5.48023768504583,0,0.552802404983295,4.32370452518566e-08,45.9518453423206,0.653153634359974
"48",306.829452696279,0,11.6524312769537,4.33202285682861,0,0.747866236701891,0.000404143275921599,36.759080325416,0.90771530544281
"49",369.200112556765,10.1075991518604,18.6612684682791,6.45828246710793,0,1.02953488139818,0.419417788267985,60.2565670980294,1
"50",393.502872205482,33.7844835755195,34.2403024540556,13.275802226699,0,1.06140899395552,1.00880898853407,107.046972035717,1
"51",391.134453618611,4.28833475786519,74.3223916912122,32.9805870662409,0,1.4540527139307,1.27192827935457,223.167501992074,1
"52",391.885932207267,4.32098157294325,97.5879545505896,45.6794113959611,0,1.11277098451804,1.24961155839377,288.94798896505,1
"53",372.79169810344,0,108.150045469097,54.8545728095743,0,0.790295633647932,0.626541924801713,313.265666969309,1
"54",359.708948933921,0,115.454750018918,65.0723933195619,0,0.785318918295487,0.0939264423575334,324.778786622788,1
"55",368.582925162525,0,120.634252422222,73.0167168962117,0,1.01037291805285,0.281884046445765,332.385046915407,1
"56",351.559368226006,0,101.325670555213,59.3111721070051,0,1.12422412539175,0.0683137505067996,281.664864023243,1
"57",341.129604871825,0,62.5157159944078,32.6682832295653,0,0.883534414314845,0.00674588338067089,179.317716917976,1
"58",350.788625146369,0,30.5744373661597,13.7512931102521,0,0.580093269000774,0.0192605120495026,91.4205697046671,1
"59",378.628516914335,17.3585613268598,14.621045723605,5.79318087722568,0,0.499286629092105,0.620058250311617,45.3258434393251,1
"60",393.50114378032,7.41267797726175,12.0550409182364,4.40994195395301,0,0.778085866648249,1.15964330489201,38.2428117037349,1
"61",393.461513728422,4.34207678458898,19.6472820065091,7.38663434867105,0,1.20607804978197,1.17895649119089,61.8328990722497,1
"62",393.295506762913,7.1244876935757,36.176692157994,14.9618670391804,0,1.20105316457114,1.15986772664402,110.787416928363,1
"63",393.240649958809,23.3236451759091,66.3319750287275,29.6404877810065,0,1.16429466886152,1.25747260814245,198.793408971067,1
"64",392.938548175622,10.4206830919987,107.042178212961,53.9722037753093,0,1.33288746014411,1.32036982872718,310.37921749871,1
"65",380.240252928585,0,141.041403255443,78.7011662104123,0,1.38283642283388,0.988572659456171,397.53260964644,1
"66",338.164133735431,0,122.926098252926,71.305254590787,0,0.906683351652184,0.0133646225634331,342.875504637633,0.999763847375759
"67",328.281702419778,0,105.200109820523,62.1205664940061,0,0.776382428334034,0.00135317050609882,291.905010473838,0.999715796804642
"68",351.308606243058,0,85.2956387439135,48.3386624463953,0,0.811450248138628,0.132918363645198,239.287235567724,1
"69",392.05291903219,42.3066449613859,55.198614632366,27.4211398943238,0,0.692341894854387,1.25611092918999,160.655586243833,1
"70",393.469596379314,38.0316738728919,29.2733062566287,12.8590739383204,0,0.537469586454673,1.25017147543032,88.1100851850019,1
"71",393.506289873832,86.6612745686871,13.0665066033841,5.30500705850811,0,0.438877689980041,1.06211829882885,40.2240303879919,1
"72",393.505252540942,52.9359174973366,10.1081345254161,3.92846867775936,0,0.584252852979146,1.12967956170114,31.4950131977194,1
"73",393.501355008157,70.5568740133085,18.1804397974492,7.09405996860536,0,1.06258352858915,1.10189062281987,56.5875331518275,1
"74",388.823300170262,0,38.0565029055644,15.0026357095736,0,1.32810457748478,1.04921790381076,118.196584703841,1
"75",373.119976676343,0,72.093606635037,31.7792008929479,0,1.39017132236704,0.493230577698076,216.957260533108,1
"76",386.786506008733,16.7709815616631,101.316000791474,50.3367434238885,0,1.22777104054062,1.01630121947123,294.906883096212,1
"77",372.495473198817,0,128.744983770497,70.4624576859096,0,1.15902865817732,0.65304875362309,364.912225161383,1
"78",339.216100736502,0,122.973839187471,70.9009950930274,0,0.900174840145221,0.00710686467854419,343.59337808331,1
"79",326.251725707606,0,113.809264144167,65.2401352678916,0,0.856347879668873,0.000979021354685924,318.45286124228,1
"80",310.676989407415,0,86.5474252416671,46.9323980976207,0,0.781102842407814,0.000129388840680222,245.849439934992,0.947544927221764
"81",350.421916830699,4.44248395940429,52.6011009911561,25.8169041872109,0,0.629782197293145,0.276767606992863,153.556893258149,0.989310452358424
"82",393.503274927752,128.852531751293,32.3117237273071,13.8637160935141,0,0.609912520771183,1.08330224660931,97.9779977310173,1
"83",393.502431421507,31.4034474131161,15.2334903394334,5.99618820334515,0,0.526446446654378,1.13626447633762,47.3062849087139,1
"84",393.506481391488,89.2125176596619,11.3867888842417,4.54955828893721,0,0.758822155833794,1.09158519478951,35.1784303415653,1
"85",393.508267769313,100.535743279083,18.2131404012451,6.887283861852,0,1.05680611878921,1.03620748220712,57.2238505025023,1
"86",393.50280115282,39.7833972847462,35.0283689036374,14.237656578221,0,1.15541153629611,1.03855428983273,107.865964143833,1
"87",392.103927017515,2.2345703293368,76.0501769544054,33.9089386249695,0,1.52634392345854,1.28747707443431,228.035478801338,1
"88",392.863423860384,23.4866153646779,100.446200184684,47.550363711765,0,1.17907471630658,1.23707929720412,296.448988365928,1
"89",392.599839910595,28.492541461362,124.912934698021,66.6234291985217,0,1.06154234406777,1.39013586205068,356.714295518493,1
"90",357.417091651819,0,139.344785615639,83.075197746556,0,1.16590663281719,0.3415088970509,385.693979584707,1
"91",297.694489823376,0,127.534224277197,78.0113872459454,0,1.12843736747873,0.000110115851797443,350.211420318423,0.869179978997411
"92",262.204324328143,0,87.4195000817892,47.4146712593462,0,0.885582230688859,4.03993252725999e-08,245.219863138292,0.660376990561227
"93",305.012636255998,0,56.9397325953202,28.3578427225583,0,0.760244313766947,0.00150749325878148,164.661942559588,0.875238117585854
"94",375.466649210823,8.51424013307803,32.5668394714429,15.6370977367876,0,0.681130765098098,0.72780933800569,95.543984155156,1
"95",393.499883573846,58.2145250831514,13.5082074484674,6.07744366386627,0,0.508066013097468,1.20644695986595,40.3520542998806,1
"96",393.505686005151,73.736759167083,11.2037402701607,4.46993358409204,0,0.721569865962688,1.11624217121871,34.630811555865,1
"97",393.507520954027,120.833491790973,17.8682759030385,7.27306903186253,0,1.07079328128516,1.05935875607845,54.9223685500554,1
"98",393.505868707084,71.1633141671192,39.6928411856674,16.3223044169727,0,1.4836977211398,1.00310308118818,121.730474364667,1
"99",393.080492133013,19.2215678674856,80.4645032569424,35.3326050752568,0,1.68537358836532,1.23533250655217,242.462341314497,1
"100",379.266876623251,1.63095238335995,109.37972868585,54.0530725751522,0,1.40789890217807,0.826286748184347,318.819397169168,1
"101",343.552756624051,0,131.469646507385,70.0868164826596,0,1.17379196524794,0.0189036106585915,375.411928660122,1
"102",289.838875088065,0,132.592607795149,77.4837375892612,0,1.07077225842673,7.00041815119597e-05,368.184075152724,0.823396985727152
"103",230.784093414052,0,125.290515239574,69.1419770254763,0,1.34893925616543,5.07071406620259e-10,341.437561047037,0.474119496262413
"104",191.05229686954,0,87.2908342307476,33.4402519566207,0,1.1868795514099,5.08352904868993e-16,241.947300080047,0.238591473295141
"105",213.446817794423,0,50.4135298111727,18.4825395433036,0,0.803720524115841,4.37875328173535e-10,143.968239370058,0.371345028318205
"106",266.200317226629,0,32.3305028519486,14.8537705527106,0,0.720171937258881,7.14577096633658e-08,94.7155230492917,0.684065028581794
"107",291.381805324648,0,14.5713042076055,5.74234001956328,0,0.482911741367828,1.02576712867072e-05,45.2043716870517,0.833339580022118
"108",355.268570256643,13.7268080039516,9.48943380511322,3.41734451168538,0,0.496325892940465,0.280513746204297,30.2530326713084,0.996640531857655
"109",393.503564447861,42.6448195298934,19.35490027204,6.77511301397511,0,1.08328184183705,1.06119710908101,62.2698453115351,1
"110",393.499985582241,46.5733056894362,37.1209327305632,13.177491588495,0,1.1164285800557,0.96722129498246,119.044786540895,1
"111",393.117923987765,10.614972236473,68.6623539147883,28.277048876589,0,1.13933285993254,1.20161930594392,210.883803000869,1
"112",386.200363535082,0,96.0746917448314,42.9711567768872,0,1.00537005235477,1.12424764254813,288.238604353294,1
"113",366.325602195596,0,129.240794449977,64.6252183441651,0,1.04518133490325,0.327804223456273,376.100540205178,1
"114",310.112873440973,0,138.265232719695,77.7576055013048,0,1.07652282476487,0.00108502615398177,389.031020941253,0.91833207347634
"115",261.261476678968,0,119.232189002352,65.3137260448631,0,0.997016268587033,7.15046167341068e-08,333.556448422598,0.654787838746237
"116",264.889976820766,0,88.9742351726747,46.3615152348245,0,0.891520146397416,1.02527510916817e-07,252.144599392225,0.676297398823057
"117",269.049114561237,0,56.6594586484062,27.4539486272265,0,0.76427017912972,1.27746750358798e-07,164.431331068503,0.700952550979703
"118",278.458879094355,0,33.5215705140623,14.1638968590981,0,0.687775022934995,2.17868799188414e-06,101.233886276701,0.756733145612267
"119",344.217028236638,3.02882786971391,15.5931706435797,5.66026280632077,0,0.508674525807211,0.118490598597804,49.6345271197158,0.98584525190081
"120",393.50200195332,13.500600003433,10.4410539624281,3.47887104061004,0,0.541210586523009,1.07575867020108,34.0970684767539,1
"121",393.491320042038,8.26484319463356,16.3616886420945,6.11028783330308,0,0.828559128309439,1.15967268907145,51.6499858182696,1
"122",393.490834218642,45.8672970696225,34.98379837726,15.1617218170936,0,1.21692856224492,1.08621190766819,105.658935428852,1
"123",384.046037387023,0.128395931765624,76.172019492511,34.4646183210523,0,1.56125426863392,1.0453787772377,227.429295441837,1
"124",352.317808932871,0,112.275588150077,54.021022038069,0,1.43089213257502,0.0633917572346603,329.809486146202,1
"125",309.21632705253,0,127.770094215645,68.0195720053897,0,1.12608925974048,0.000250261752167438,365.017107114018,0.93153511520764
"126",292.085370226296,0,122.136190362621,70.7048094560784,0,0.892126647332479,6.0149981101539e-06,340.880961589547,0.837510276157861
"127",273.411536478343,0,121.315751066454,72.7649124028678,0,1.05742947285935,8.31483060870007e-07,333.545647978499,0.726812761160082
"128",279.484069738867,0,96.0060415668422,55.6180477610941,0,1.0693763234938,4.93952541221708e-06,266.136181720682,0.762810422419917
"129",289.099118739961,0,64.7080597589898,33.646106286073,0,0.940313179913638,5.24896361494043e-06,185.842690978536,0.819807932699228
"130",309.134605881127,0,34.2313981178606,15.8027325833306,0,0.713819577400603,0.000321306775891772,101.573744116817,0.925234662988871
"131",363.622959979649,0,14.1363613181298,5.99362041305354,0,0.497613010331404,0.290803116956622,42.9483642057242,1
"132",393.504664308763,53.9525866640673,11.1951078438062,4.4541762359099,0,0.738445944033593,1.14791475925414,34.6301501911936,1
"133",393.50566245299,76.5807849262214,21.049021365421,8.50744464357248,0,1.49500724667679,1.11697228823083,64.8233021520152,1
"134",390.858458477906,0,35.5680641015261,15.1237252704489,0,1.30415923235988,1.15004458924379,108.008624858142,1
"135",392.126419809062,14.9555490002153,65.9493800005915,28.9256143553002,0,1.16399751981738,1.23921573286955,198.710528828061,1
"136",393.242220893684,51.4726180799529,103.443380348421,50.6612831026461,0,1.2502370759926,1.21663003457935,302.454080617633,1
"137",370.575205371404,0,124.554770805508,67.8589775536962,0,1.10124641118593,0.557305740758601,353.461560563484,1
"138",368.585892183486,0,111.316415840787,62.9623336860586,0,0.739302481452547,0.391424572845531,312.732842035791,1
"139",354.579194281897,0,115.323856304028,66.7272647378084,0,0.892999506944123,0.100583196918039,321.834585284708,1
"140",316.085345585551,0,96.6510093034534,55.585579086592,0,1.00806253603682,0.000651237678129436,269.993537488506,0.960352238555433
"141",328.422882539429,0,54.615597788381,29.1185542187096,0,0.71716520235446,0.00665551715992076,155.759373456517,0.981359307729923
"142",385.553170230176,40.4695342543968,29.74019935087,13.4211191408642,0,0.560131105479588,0.890152526084827,88.8800798735997,1
"143",393.505162442643,96.4880499674391,14.6792376181222,5.86835892099002,0,0.500041777832093,1.03640539453572,45.3730480546893,1
"144",393.504232049397,50.0173693515962,10.4210796171946,4.16922605245975,0,0.640432758679815,1.16131479961928,32.1828538076654,1
"145",393.506777718901,89.8088120916797,19.1261673414012,7.48769219156674,0,1.18462364918487,1.0823990449858,59.4632266072034,1
"146",393.394217768118,11.2984059775415,36.2682478328718,14.7562186248191,0,1.26082170520494,1.09693412366406,111.593544357196,1
"147",390.96766032978,3.64297106364126,71.2611203350281,31.9130286941266,0,1.36458656407132,1.28103708723894,213.436498258671,1
"148",382.846991946028,0,99.3679750755632,49.8363822475443,0,1.20506634714007,1.07253971903655,288.489518251112,1
"149",364.846128938903,0,123.098690566452,66.7007531000683,0,1.05824046218068,0.239357612542713,349.871573740497,1
"150",355.04348984169,0,133.088061136566,77.0181116473453,0,1.03869431543409,0.0389867018942147,371.509981545275,1
"151",327.442563268136,0,123.17079043156,73.6638938041194,0,1.02852600911267,0.00528476306693945,340.533388783856,0.98375421253085
"152",344.217747395832,0,89.4672474847893,51.5038986522784,0,0.889313038648891,0.126757338596489,249.861624898543,0.992944161360952
"153",392.02275872899,63.0659108401108,59.7656138066429,31.5583944228476,0,0.831679070173325,1.26395854082794,170.923419323016,1
"154",393.493942173879,51.7870340971906,33.9621443307476,15.6575059159399,0,0.710456105723555,1.26587873781897,100.815307447959,1
"155",393.492631765868,30.2768493120786,15.7818041852221,6.5284638506996,0,0.57738023442465,1.1731667286606,48.302695662475,1
"156",393.508426999757,98.406443514598,12.0166411977913,4.56368277650942,0,0.80904956302582,1.0312713384388,37.6908499537813,1
"157",393.48497395371,11.4565882771644,20.6503096227124,8.11324253539074,0,1.39425726610069,1.2022847369537,64.1371554378583,1
"158",393.500993861634,48.7930827332482,38.9274317002163,16.3430555921894,0,1.40430032982314,1.09494868158236,118.656660648668,1
"159",390.119938810837,0,70.0452524224223,30.5045729155347,0,1.26247664955688,1.24997039871189,211.493800794585,1
"160",393.236430675789,81.6761126098408,101.481215132063,49.1552481786804,0,1.17302168493188,1.15673523647028,297.655522976722,1
"161",393.126810285593,22.5972962069443,125.940570476205,68.8766613577678,0,1.10510843127067,1.43132410372146,357.040681257307,1
"162",365.908004877575,0,119.042387949917,67.8830853525127,0,0.837508083107471,0.473162575788136,333.65334950889,1
"163",326.885970203014,0,116.789259599148,68.0253597640945,0,0.92165202477055,0.00179273565944186,325.316044244451,0.994399423782673
"164",300.651081426441,0,90.5781362624383,52.3559698679736,0,0.91364061531552,3.03671334321436e-05,252.683464623797,0.888287366542347
"165",333.273275721012,0,50.698800136415,26.6215949359692,0,0.6347333050591,0.0116931415519237,145.210365476764,0.984836531820682
"166",390.38635935005,136.772649808004,28.7043496454313,13.084522866351,0,0.542556856664128,1.00829004170301,85.5043277619479,1
"167",393.505743811708,107.885248428934,14.2138709572789,5.84475178358221,0,0.495632551622603,1.07298814284684,43.5701252166503,1
"168",393.507444192692,94.9391216730918,11.3989295616916,4.32289261884019,0,0.727602363202847,1.06173835747336,35.7786456775037,1
"169",393.501549900927,89.1440565608738,19.6089381787186,7.31430738680855,0,1.19806424171505,1.03537518618491,61.8616895813866,1
"170",393.497766073135,63.2267086268948,32.4308525650839,12.710495980618,0,1.0088879281249,0.979548951949596,100.891116734381,1
"171",393.451129225624,102.699195117787,64.6352683253706,27.3143339593504,0,1.07518560145303,1.08692284759727,196.934061958792,1
"172",393.126860909067,32.8915379019812,103.757370888017,50.4931670301116,0,1.25094421617711,1.2464387800835,303.891116949123,1
"173",377.787500607917,0,135.811564106151,73.2162637897843,0,1.25473260711619,0.813744386294369,386.553078125556,1
"174",336.963188025623,0,131.283674588278,75.885429127168,0,1.01295909065862,0.0122550150680095,366.579464773481,0.997674064580646
"175",308.280669561099,0,118.082433995104,71.1348209325575,0,0.964322817329472,8.34779451207821e-05,325.793493246143,0.933515168094121
"176",311.455986237497,0,88.4397369202869,50.3731853313463,0,0.85422328114939,0.000141410192217319,247.783028764574,0.9523382801638
"177",336.786329204183,0,54.530490332504,29.0447014468936,0,0.724100129789104,0.0112758954973946,155.512167925817,0.999009209473413
"178",386.828845429127,67.1526219457538,32.3221541969111,15.6738559769049,0,0.682188023073283,0.969264591644502,94.6461931067435,1
"179",393.487206364506,21.5292275460715,16.3247968625192,6.41769923469496,0,0.594020433000312,1.14477119698189,50.7311804778915,1
"180",393.497309558924,24.0776565937411,11.388394977893,4.27259251174477,0,0.69940794395037,1.15147051319055,35.8579144982361,1
"181",393.504314794235,58.3875586685939,18.4999435892291,7.61230639171694,0,1.15636683254962,1.15874970963264,56.679657425882,1
"182",393.488577224437,65.985499606424,36.6905346737293,15.8160393608354,0,1.35918364289794,1.05578574234434,110.970180812328,1
"183",392.988669854074,13.7050996028919,78.5865458334929,35.6737331308855,0,1.63674411639811,1.2857909633966,234.438812048434,1
"184",378.461696050153,0,107.504531986624,52.951330355928,0,1.37790470979718,0.792181878471824,313.658521951313,1
"185",373.868329349185,0,119.718633672031,63.8138458887701,0,0.99441160746931,0.510283515115674,341.878261011471,1
"186",370.977664314765,0,115.790161176747,65.7080111886751,0,0.79459415516131,0.344582880890713,325.004691449243,1
"187",357.599729755109,0,111.769300612636,65.9949782077669,0,0.858319642204473,0.0663608303174823,310.138752860097,1
"188",375.282657834649,36.6927777986354,93.2189125771355,53.2788787638702,0,0.945485199221453,0.670085818378485,260.896724500637,1
"189",386.333852918438,0,58.5646906783052,30.2851698771672,0,0.782731355866268,1.28618423489102,168.442402965096,1
"190",391.938834101855,48.9867543929412,28.6373129833177,13.4393598417279,0,0.543652942031327,1.24310297141653,84.5774567331205,1
"191",393.50609844831,149.477768298711,11.7021950372889,5.04388846430842,0,0.392601678289526,1.06786106450322,35.3839915155224,1
"192",393.507413072255,115.756918082542,10.5996398060355,4.16467127008128,0,0.686159613416149,1.06270309101392,32.9145478240328,1
"193",393.507570527005,69.3996112689867,20.1781045525342,7.52281423493282,0,1.27871977569836,1.05782199374849,63.6596769520219,1
"194",393.344878463328,13.4877557246305,41.9154827934202,16.965008018353,0,1.61682232981503,1.08076285096431,129.198055893728,1
"195",389.690156411122,0.323472578082942,81.5628634114788,36.7304813537318,0,1.78983871027126,1.26195940107777,243.86516528832,1
"196",367.522263331812,0,105.138467432838,51.3753694484468,0,1.30224221030862,0.291890892404496,307.46441712494,1
"197",352.44312072288,0,130.860541633497,71.9180942721815,0,1.193336689794,0.0311821245592388,370.540463746846,1
"198",326.915593251523,0,131.101123639178,78.1151412799622,0,1.04580276610409,0.00193763928754656,362.895210418133,0.993950098922844
"199",292.93972796272,0,127.418465077299,78.345312091589,0,1.14146583392537,2.39661292719205e-05,349.416776212342,0.84257486437353
"200",250.024141411031,0,101.734430278008,55.861458932365,0,1.26073672475758,2.86530232468184e-08,282.087723165525,0.588173499872527
"201",224.701113261225,0,60.7623194148522,25.0020579188657,0,0.999541921279385,4.21448162484504e-12,175.480024290635,0.438059906368479
"202",230.546342259603,0,31.6888608950432,11.4446270673177,0,0.739729500933248,3.57121049086722e-11,94.4419400296365,0.472710119787259
"203",312.195951008617,0,13.7729315080798,5.58235794182791,0,0.478468589617124,0.0079620333633803,42.0609289201023,0.886875056082059
"204",388.417151025916,35.0502087770851,10.5507269039896,4.08756805540342,0,0.645343849818906,0.953536058913429,32.8966296340181,1
"205",393.506102567503,71.6940068466847,19.2844828881113,7.61596366173252,0,1.2101885203511,1.10332873830692,59.7976371126313,1
"206",393.429076181626,15.602158042303,37.4372394358915,15.1297432741953,0,1.25817815403659,1.12598363261009,115.404083452477,1
"207",392.692303719968,6.62434322179405,70.9889339015654,31.1109299407869,0,1.28328505130608,1.26476159572293,214.008445488737,1
"208",392.581561169457,21.2088736748055,98.4147821019501,48.4663172645651,0,1.14024959720322,1.2913436977166,287.199242779724,1
"209",380.321860278699,0,121.079857670451,66.4151579234426,0,1.02741706283969,0.989418760683286,343.006214893798,1
"210",351.509785459907,0,123.633140440833,71.760468090261,0,0.91239645617279,0.0367135928568908,344.780120543424,1
"211",316.579742521492,0,120.24136185661,71.8476110743921,0,0.996354706991309,0.000967712455739703,332.522142865695,0.957092838072947
"212",304.875903949337,0,95.5497339338716,56.7334360245157,0,1.03780179643648,7.39631011749013e-05,264.540817664388,0.913331894672119
"213",313.438143764921,0,57.2890755650411,30.7510568692814,0,0.79366679579194,0.000155707161278101,163.072086903018,0.964088406869516
"214",356.061698034761,8.26511574262993,29.17847350699,13.589546470715,0,0.563019030522555,0.291203541890184,86.3775243777237,0.998045260271981
"215",393.495150184271,26.3347496015282,13.6680755145535,5.56603241973226,0,0.467949866263791,1.16997217426118,42.0272535613904,1
"216",393.504645205633,44.0859308718975,11.6466082166653,4.54949075135331,0,0.7799875731164,1.14850695629756,36.2252214826583,1
"217",393.48705221651,14.2349263732326,19.5255301056293,7.5065831339326,0,1.23082859145211,1.18760771819458,61.0408490213133,1
"218",393.265590493576,5.68301167319805,35.6824515169147,14.2205100386308,0,1.19335259066565,1.09011894539999,110.484605114448,1
"219",393.131182511385,12.6169811974924,69.9610043858888,30.9512117460511,0,1.30869591141101,1.26795152186594,210.283769736852,1
"220",391.320602648933,6.12523343702232,102.665616771834,49.7185160031581,0,1.22767470661024,1.28516165775843,301.021052609388,1
"221",359.678275601429,0,129.80440756507,70.3116259274835,0,1.16255573315188,0.296760105456852,369.043840829661,1
"222",313.056789172394,0,124.551911047735,72.8643675948491,0,0.935260580798639,0.000381739571578434,346.570655465785,0.950372094095643
"223",284.522371765352,0,116.158870231652,67.9158732716441,0,0.91323456315038,2.77689941087805e-06,322.993329081678,0.792677214727704
"224",282.629913815369,0,92.9165774501763,52.8544547959432,0,0.949119967595093,2.45698733616528e-06,259.908624719111,0.781458822450654
"225",304.976158248203,0,56.9890691083956,31.3868089366565,0,0.79893291708606,4.83148444883684e-05,161.012147919471,0.913926196940312
"226",344.347138721198,0,31.5874430669611,14.9873026117741,0,0.64580656920353,0.0791697616003041,93.1007824979223,0.997263318213501
"227",389.10081997592,18.0847902824209,16.4783245458449,6.37321439250048,0,0.593727809380849,1.01313474760339,51.4452987189627,1
"228",393.506508396945,50.6638492846569,11.8828264042988,4.40125102009083,0,0.75502715295375,1.09074802560741,37.5547501443466,1
"229",393.492741081564,12.8966078521198,18.7469303742735,6.83013864980111,0,1.06979346501323,1.14342923970503,59.5647806209795,1
"230",393.488006291972,31.6519163504853,34.8963937792835,13.0357295306415,0,1.08296303496765,0.994430045455444,110.158159072207,1
"231",393.289511835533,17.5348133128441,68.1774670896073,28.8652484057874,0,1.19784292916429,1.21448259665986,207.654231062391,1
"232",386.662852135631,0,95.333448997908,46.4423813503353,0,1.08732982205007,1.17732987140333,279.085966063636,1
"233",388.773441792963,9.50689951047002,130.332811027908,71.4201417653533,0,1.17682083198399,1.31009208258044,369.306521074832,1
"234",356.250442508137,0,146.691081449408,89.075557292399,0,1.30664201359235,0.368477392774201,403.912657063627,1
"235",294.98859888804,0,128.367921068462,78.4160312352129,0,1.14054506181735,7.12912900414807e-05,352.675688264966,0.85433957166316
"236",289.785156012989,0,90.6941192692616,52.4671158539302,0,0.935205382478115,1.78402537436105e-05,252.448253112587,0.823874725964342
"237",329.289934635562,0,58.7766237121223,32.9647018224133,0,0.856063571400808,0.00405078154461434,165.237877898804,0.988184495294439
"238",381.091803882439,28.2662874043576,32.361164773988,15.635715980445,0,0.690412955735301,0.82452377974302,94.828578610562,1
"239",393.503090434551,99.7002054932287,16.2624009117347,6.8405835006412,0,0.614930097729738,1.07584835087672,49.5187162038583,1
"240",393.503962145072,64.3643278850054,11.4712807152688,4.77486378035337,0,0.809584423551686,1.16968183368332,35.014928411055,1
"241",393.504341032664,63.9895782980401,18.9192444770489,7.78697971892156,0,1.23855567340392,1.15793631833046,57.9549850090537,1
"242",393.505813080097,76.82460751923,39.0657955762494,16.2180141724727,0,1.44900755228432,1.00466063682934,119.471325044787,1
"243",392.684216663078,16.5601335782781,86.1622957995515,40.2890078607101,0,1.99699966334113,1.2992231434862,254.926221372981,1
"244",363.542310035814,0,105.978475961725,54.2592874682792,0,1.42386515235634,0.378700732805087,305.776149098375,1
"245",372.506734484937,0,115.563827942088,63.3486456755718,0,0.954857646122511,0.667758588478504,327.429750763733,1
"246",382.736075630471,0,119.345106016778,68.6284897394724,0,0.850468424829399,1.18970972572541,333.706195287709,1
"247",390.954242151414,74.5968830425294,113.606852570447,65.2347262219231,0,0.855340547887167,1.34425531268232,317.730366993041,1
"248",386.441229887254,0,90.1593852178508,50.3598749819407,0,0.867917105223044,1.41029389869969,253.952050729891,1
"249",382.619769136626,0,53.7621315869351,27.7163277448606,0,0.675207898411375,1.13823968607315,154.775176424109,1
"250",389.300530544022,17.0129570174081,29.293755003692,13.3369954875501,0,0.556403193633008,1.2174180923761,87.2843904073448,1
"251",393.503737312306,55.1354125898751,15.904599103676,6.52407567231776,0,0.590479836862248,1.12343378270829,48.7897729408024,1
"252",393.504419893904,55.3541232577871,11.5987666227491,4.67110204409975,0,0.780854080752518,1.15549161990271,35.750447935703,1
"253",393.505768361089,74.1371664917007,20.7261919904343,8.25886870176104,0,1.41374413579652,1.11368913714854,64.0997216564736,1
"254",393.080280289614,5.02224474026519,40.3716408763576,16.1544999927293,0,1.45264132172489,1.13669042863251,124.818592975289,1
"255",393.431392058394,44.3366026537058,74.6243138104409,32.0200018962629,0,1.38076954575994,1.17174823768441,226.321183344984,1
"256",390.94918868724,7.17389150697812,104.174797431995,51.30879932022,0,1.25743538010942,1.28437288191499,304.11280150221,1
"257",389.907217938587,4.74445066997396,128.916593961603,70.5859005925184,0,1.1476378666597,1.41007269186529,365.327927437848,1
"258",383.113317671854,0,128.846399540816,73.4345518558802,0,0.962606662228598,1.12287118047377,361.185865327787,1
"259",374.616508386953,0,110.889372962864,64.7961952976386,0,0.83818654380263,0.654242278981253,308.602696316404,1
"260",389.155225066226,0,80.4461554941558,45.0529012998613,0,0.725829891626527,1.47123581841283,226.448519198088,1
"261",393.09928316848,11.7975656094694,55.1438313444433,27.5807614306977,0,0.701423487251976,1.3593963015636,160.127656894104,1
"262",393.471632494337,35.908294191136,30.4038952719396,13.5590532999229,0,0.575011923182279,1.26097431728584,91.1241337707642,1
"263",393.505758909146,63.7793323096079,13.1259828482636,5.18210839502942,0,0.437931312801114,1.07804723940133,40.7392576748245,1
"264",393.507009952185,40.5569136509336,12.2692630516167,4.35038645304685,0,0.785143099964532,1.07519981316794,39.2979264559307,1
"265",393.508548625482,72.6205997374031,18.6050487854041,6.71038765950118,0,1.05576427972689,1.02750094096864,59.3010081422212,1
"266",393.498120324767,54.3288979262403,37.8497876563589,15.1842588173695,0,1.31565466876874,1.00205878335924,116.958159641548,1
"267",391.526599013616,3.66429383100234,77.3338090937983,34.9796559716313,0,1.61271313470296,1.29154179544773,230.973681891324,1
"268",376.540737186157,0,103.663541018883,51.8820739248768,0,1.29835308171364,0.717263310675191,301.077679118971,1
"269",343.620996270212,0,127.418600875598,69.4216584321952,0,1.13078105802577,0.0195022558952415,361.617291888401,1
"270",305.93761038576,0,126.205220782058,73.080529042813,0,0.94604595680381,9.57029763086733e-05,352.190584398739,0.919459661531372
"271",292.887662021064,0,113.25856715085,66.8170279074567,0,0.874258062912341,7.56136176340877e-06,314.343886625592,0.842266220179995
"272",275.575683053336,0,87.7314216477035,49.5221927021928,0,0.871032886646803,4.77537869758455e-07,245.447195727628,0.739641709472256
"273",270.792017481723,0,54.4238216063288,27.8201004359638,0,0.730512728987545,1.48090269723831e-07,155.706737599807,0.71128438882212
"274",290.2186028667,0,28.5182939775351,13.5483513919767,0,0.556796864896381,8.10445432627735e-06,83.8792446630894,0.82644417636414
"275",359.733203671586,58.758116677829,15.3299878809312,6.20952010027563,0,0.545953012625819,0.325321363419752,47.2649900282785,0.995837803468758
"276",393.512694767228,149.297930477018,11.6929442426826,3.83465509581041,0.949117956924098,0.667048865313964,0.898970546838432,38.3837488616957,1
"277",393.507854294245,53.5554638308138,15.0306388518089,4.95610784390389,20.5115702033599,0.788975509719243,0.99010231022209,49.2711753358535,1
"278",393.509776720798,105.254391140723,33.2798641429466,11.5649276799323,3.06741629425488,0.987815050592385,0.893678697205781,105.100378321316,1
"279",393.340474463159,17.5668365742604,76.6441545500478,31.9897498005047,0,1.45016848352477,1.19675851894818,234.35481997434,1
"280",380.172960383694,0,104.49728867191,47.3818512807465,0,1.21320933401301,0.807093763339758,312.251595895959,1
"281",352.316318913864,0,130.762303786706,67.0593813683188,0,1.1070642558944,0.0447743815356378,377.681288931031,1
"282",296.740875457488,0,135.249716281167,77.0823073607844,0,1.06661096986197,0.00023187716150965,378.599319959974,0.857645666775203
"283",248.659835464726,0,107.491750136906,57.381003450974,0,0.867731836945129,4.32064888355737e-09,299.923144627461,0.580085965197477
"284",265.489525826582,0,80.7298434816746,41.6083811123748,0,0.74668901521574,6.31576582868482e-07,229.179095465847,0.679851494139482
"285",299.429484415705,0,55.7956101477412,27.8296282855899,0,0.700351635270563,2.44445072468899e-05,162.134726192426,0.881045803013273
"286",346.533835697914,0,30.6987065579897,13.2832305866321,0,0.561425649367079,0.103983007339771,92.8708201485339,0.997093104441433
"287",392.67268452242,30.2450183867044,12.6816118189848,4.36401274555962,1.6693118430098,0.350121661013083,0.994219359859237,41.0931496389011,1
"288",393.489478609805,28.6472838295686,8.6180501736324,2.43883027964994,16.2135347785537,0.469649225885489,1.02658800890509,28.4168189870231,1
"289",393.507902639335,82.281738754968,15.3439939539594,5.40065623058237,0.235484027898839,0.754863519361356,1.04752651152234,48.2357028890975,1
"290",393.488037185353,39.3412356465762,32.2637623728315,12.7683708684686,0,0.96122465059747,1.0306616957873,100.083112532057,1
"291",387.084268985724,0,77.8194537027012,35.0538641598268,0,1.58411452712826,1.16380435793556,232.854932819366,1
"292",348.711422260047,0,112.906799341563,56.4732031705942,0,1.52090017634649,0.0750405712441509,327.932380883832,1
"293",303.593234111545,0,129.30983846692,67.0147136938605,0,1.10992641581966,0.000105444934299278,372.2163187553,0.905144800935474
"294",293.147898338639,0,125.239539748595,67.7914227763063,0,0.87100597022089,1.76979825220286e-05,356.110005834354,0.843808887532429
"295",301.390769096325,0,116.119408856372,64.6389562992295,0,0.857828317046119,2.93133045655591e-05,327.628962101701,0.892672196568996
"296",306.70229545532,0,91.7067248233833,50.8834262751766,0,0.894747410716635,0.000133946824070688,258.786239829604,0.922273910630924
"297",325.380239049437,0,64.1840776155648,33.7438802735047,0,0.944114272558607,0.000849743035202319,183.724862026933,1
"298",338.121526314303,0,35.4450054646458,16.9774217876794,0,0.782165693943086,0.00416517733839109,104.079548283124,1
"299",364.246776448359,0,15.4158967474874,6.49351234820676,0,0.580640148095946,0.226578914878697,46.9338797590234,1
"300",392.317926485842,67.4657616727076,13.1169579683215,5.07424785963976,0,0.976320053261933,1.06694834185902,40.9135505081791,1
"301",393.506099345777,34.7758439964267,20.719075383559,7.54061961104927,0,1.32448045177122,1.10342861183379,65.8590780237528,1
"302",392.788767250095,3.88636751380534,42.5485643669607,16.6979953864634,0,1.52315665218802,1.11179604113606,132.414336991081,1
"303",386.210555188714,0,73.1906941203351,31.1840463827533,0,1.38110467850109,1.13584994676255,222.406591246951,1
"304",392.005271722971,64.5597460202192,93.2486126321771,43.6959236560471,0,0.981839996008245,1.12415551102907,276.172264561874,1
"305",387.109895216943,0.173663402841044,112.657001139493,59.2165313678453,0,0.87359047027526,1.33031191737962,323.000980115087,1
"306",392.80390258426,60.0459037705975,112.738629693389,62.5972998081051,0,0.739492145801492,1.34260098762693,318.408968873933,1
"307",391.797698802681,16.3448743392006,116.21816321629,67.1582373906749,0,0.904085923915205,1.5127335143459,324.447955078191,1
"308",381.741276592146,0,97.54073280124,54.1959721920965,0,1.00460009320878,1.13560128134656,275.182729840951,1
"309",385.968272105512,6.62767364108828,59.1938629993795,29.4134756259855,0,0.775728866514625,1.10056849835953,172.190349838823,1
"310",393.503952852888,89.1311429250335,29.5127226887449,12.9440102720811,0,0.551006311438913,1.16996989139291,88.8984239967687,1
"311",393.501976019014,80.390484527839,15.6423871934298,6.11707983469033,0,0.55415937348458,1.0442589031993,48.6724919298939,1
"312",393.508540000225,109.256311232728,11.191190833873,4.09210168170263,0,0.665186791441091,1.01740234808262,35.5097381629342,1
"313",393.509177796379,58.0075084793356,17.2423978746312,5.82834227585376,0,0.850745815356097,1.00799664317405,56.0815669324604,1
"314",393.50396967784,35.6480872323527,28.6759885557792,9.63976760041576,0,0.701857210997169,0.91749335953315,93.5339585287181,1
"315",393.470766240244,60.5449302435269,64.7612030237244,25.3114378354152,0,0.998394822184432,1.06647928524938,202.080998857214,1
"316",390.882269479775,2.60017920941476,97.4641090112958,43.8292134963527,0,1.05899562539016,1.21946126601978,291.982015351187,1
"317",385.268722572273,0,116.784099350163,58.9692467468042,0,0.897575939176244,1.22084139902049,338.761502959838,1
"318",352.435878266674,0,132.624662034018,76.0043052045355,0,1.02326992938028,0.155932959187497,371.272611901756,1
"319",292.214351054024,0,133.05844991448,79.4805614276831,0,1.19397901190053,6.53029514946907e-05,367.522893553585,0.83809962864537
"320",260.46434900885,0,89.0938663986299,47.6940322372357,0,0.915201090314327,1.98076794951074e-08,250.353890286484,0.650062507386377
"321",274.537727179376,0,50.6368948758791,25.6065092290019,0,0.64009282699518,7.49011263741262e-07,145.413119665755,0.733488761048511
"322",340.839474482295,0,29.3214726333692,13.5133437170928,0,0.559638347600777,0.161325959400558,87.1192169906229,0.979543030144331
"323",393.49873591387,44.0954610147411,15.2535736061966,6.04351645946908,0,0.529927782331908,1.10539636845837,47.2741718453789,1
"324",393.507414257456,106.737600341373,11.7687425798716,4.59681285213585,0,0.794332369872387,1.06266634977503,36.603658947093,1
"325",393.508362705673,169.410170558188,19.8226307858577,7.85714158076515,0,1.3027357036097,1.03326445506505,61.3985043106759,1
"326",393.503077906063,117.381292380094,38.4017555784699,15.6580592760641,0,1.39754081194016,0.953577636192772,118.059920459227,1
"327",393.20540977884,10.6635446573015,73.3190017299494,31.8521595866408,0,1.41560768886552,1.25216210592945,221.552217776605,1
"328",393.493906110036,78.7381681677726,96.2099523934536,45.9385096735721,0,1.08909876341036,1.17027792295864,283.245874845935,1
"329",393.32251051794,103.689129234447,125.712072595693,66.2403413551935,0,1.06159296080457,1.27504699029499,360.199099512583,1
"330",391.027348940512,15.2576148725215,138.921534118034,80.1345115315418,0,1.11672660712683,1.43165964506744,388.11943903769,1
"331",379.319465286104,0,128.751513625163,75.3803686381839,0,1.08654766339844,0.978689615546674,358.115033353936,1
"332",385.04612642323,20.2574642012662,93.567196326997,52.1316826291489,0,0.923335614078085,1.11689074807058,263.728465995334,1
"333",379.762336207214,0,55.7953460369472,29.5366282635808,0,0.739149007905819,0.926457269180342,159.408281626992,1
"334",389.658333166599,60.8779991727891,29.0982412769248,13.4621320938145,0,0.549422105006119,1.07553403512868,86.3554106553107,1
"335",393.475066137595,4.13359282128198,15.0024187551851,5.8882761717709,0,0.524828310045843,1.18007114841576,46.6283076272833,1
"336",393.505915495421,48.4283025724686,12.7794057299618,4.77687461064059,0,0.890438708815867,1.10912797285899,40.2758242981721,1
"337",390.318620091954,0,18.393218280898,6.64819895412279,0,1.04612295400241,1.14532498698936,58.5817506117694,1
"338",389.164197053126,0,34.0155855250529,13.038920646671,0,1.03951487318724,1.03090592417774,106.563158441703,1
"339",388.189509630903,0,75.0690740406701,32.4014400513399,0,1.43874093234995,1.20561835620843,227.28917337815,1
"340",370.926221099721,0,104.16877387686,49.4316089505763,0,1.25294154917606,0.447083380895153,307.202545977825,1
"341",352.136208590544,0,126.047236688479,65.6563034480882,0,1.05751548455506,0.0276477687404264,362.34454465783,1
"342",317.04291242156,0,123.825723791693,69.7090069512474,0,0.888085017191918,0.00113177993231752,348.33995675709,0.955709579329913
"343",294.090922794746,0,105.437299083568,60.8133087684743,0,0.752418226808738,1.08506296309222e-05,294.522525902958,0.849399087449713
"344",343.025525835977,0,84.7883831955757,45.783396632772,0,0.761163959269548,0.053817969876692,241.167594358051,0.997744109229807
"345",388.153058750705,28.6249670053847,56.7062271918108,27.9302439842916,0,0.707191586510985,1.10083284318697,165.349758040986,1
"346",393.499315574769,41.6118602898489,26.7517742022599,12.5672920261871,0,0.493154075645601,1.31372551306043,78.9796568036374,1
"347",393.500266810964,59.3254542943235,12.0357907244693,5.58521211825836,0,0.452930819021328,1.24281018487934,35.6217573206267,1
"348",393.502838749288,57.0482885632402,11.1136285326267,4.70760479790728,0,0.766487519051516,1.20450710297479,33.7809343896075,1
"349",393.508243549697,96.5129731287042,18.997572477378,7.17759786209418,0,1.13103496045674,1.03695829031662,59.6956850077073,1
"350",393.50024564419,45.8006839845378,35.5108268393489,13.6597112829839,0,1.0911758559842,1.03181829415056,111.099037728566,1
"351",393.484445491767,60.0488774226561,68.1030623500682,27.9668706104215,0,1.12379507752828,1.11270317351838,209.262298065108,1
"352",391.845077129032,1.22837740164334,98.9659240965721,46.6574693303621,0,1.09886602705221,1.27488575689512,292.553412549481,1
"353",378.693160101666,0,111.908163465015,59.7849670007668,0,0.883055897035711,0.871481250238197,319.396699948553,1
"354",391.41472370917,77.9503990388401,110.737162545713,63.4898053707957,0,0.742407639451081,1.29274315415671,309.922300024795,1
"355",370.895351238915,0,119.196097079261,70.3864007398302,0,0.967638854627783,0.617863435083356,330.723047970852,1
"356",338.097214673916,0,90.127738602776,52.4616210869411,0,0.912836870519045,0.00594318400234928,250.924345836894,1
"357",335.83490852518,0,52.7586224630411,27.6540830986476,0,0.680403350765141,0.00316365863573425,151.222845504696,1
"358",355.796946197061,0,31.5668278036955,13.8338759407763,0,0.605969705944824,0.0693607150820364,95.1215636064246,1
"359",391.240448214137,65.9902127578984,14.9446858050534,5.84654713427796,0,0.514982410051282,0.981597176601934,46.4922644083198,1
"360",393.486693277671,7.84334152199477,11.5943849354116,4.22601044857537,0,0.717464216742763,1.15725288324676,36.8320735530328,1
"361",393.507573437507,69.6691033076526,16.7778157180495,6.24914432115021,0,0.885607683737595,1.05773176818938,52.972614348504,1
"362",393.498467890047,32.2097728805559,32.4585010051049,13.842272413563,0,1.04107540866448,1.09730277291292,98.509663872302,1
"363",393.089574691238,9.23927775713929,70.3976762853225,31.4381769830888,0,1.33617429548247,1.28710477948476,210.99659468269,1
"364",371.551415581221,0,94.8600129357153,45.4814085268802,0,1.06891061850488,0.534178081678505,279.000459707193,1
"365",367.432977138707,0,119.790381779894,65.7465477261497,0,1.01639242584273,0.257247399168823,339.310812476559,1
"366",360.711594824042,0,123.682165576594,72.4597938878284,0,0.925639776573108,0.127425317219746,344.007935029655,1
"367",367.450449090284,0,110.932256516695,64.2114140062613,0,0.82591514191227,0.341695979283633,309.559034219632,1
"368",390.806601158344,19.275108388318,85.4386663391602,46.6853836331013,0,0.773064828054227,1.42140400077699,242.167917946258,1
"369",393.37123597943,43.0810198228854,52.4079545950165,26.9676836172291,0,0.649049877624713,1.34324723221895,150.927755195017,1
"370",393.474645757454,16.187295976992,29.0392704866232,13.3282184259994,0,0.547113165531036,1.32441298959367,86.3767680440055,1
"371",393.50460706804,33.0429342887408,14.5320036047393,5.62007469709416,0,0.477428333400432,1.11260247259439,45.3710542060445,1
"372",393.50802718046,89.7302097683906,10.7640788121208,4.07193032745809,0,0.645464748409686,1.04366573665382,33.8052709843838,1
"373",393.508212471175,67.9858017350351,17.1445787607814,6.16768575754775,0,0.894437826987295,1.03792172447991,54.7096786927716,1
"374",393.490797197215,27.6828203565823,27.9712824664381,10.2467976741943,0,0.715103930325752,0.990123674347489,88.8668414030276,1
"375",393.418130054276,57.9834316518836,52.8958164946107,23.4752697852621,0,0.789752371203202,1.19794709880174,158.968007086102,1
"376",392.801893887544,39.2945606093316,93.7429626541732,47.9769594352795,0,1.08981965210817,1.30219983173961,270.560035945738,1
"377",382.545351023767,1.01066654254362,136.394472929355,76.3482993428254,0,1.31212207260376,1.07877779159149,384.136324319207,1
"378",329.838314156003,0,139.863352957291,85.4616698327413,0,1.20820918865561,0.0284068088880519,384.417649544515,0.966209679442652
"379",259.513348734107,0,118.22027676985,70.348509322276,0,1.06914471072313,3.39798846426021e-07,323.365022771021,0.644425027231145
"380",230.987150496963,0,81.6758723924275,40.2033775595525,0,0.894906751803627,1.6503628726642e-11,228.266368745538,0.475323208086366
"381",235.25502994123,0,56.4497260664203,24.7893629653235,0,0.870105962100383,7.01400808072593e-11,162.26748448214,0.500622975406092
"382",275.263834290076,0,33.2897592267869,14.7879007178896,0,0.721538260506874,4.04229032060974e-06,98.5364699032294,0.737793086226811
"383",337.156636090579,0,14.8837901092803,6.39272822304947,0,0.551266290626654,0.0317028876053248,45.0440764506593,0.991986939757422
"384",390.478343623762,48.6151047956477,12.0448281328321,4.77099238649784,0,0.841425266965797,1.04364891389442,37.3190862340106,1
"385",393.500115516978,26.7736604964422,21.8209044495724,8.52755487895446,0,1.56128007687755,1.16692275370896,67.8823530405989,1
"386",393.451941401948,33.5929130658096,39.2858364990193,16.913545958919,0,1.56511974964399,1.10217799222601,118.87855176316,1
"387",393.329145911753,26.9136811859394,73.817688375314,33.5946272765723,0,1.48726003044967,1.26794841181279,220.030986721127,1
"388",380.064250417798,0,103.871160340308,49.811392468538,0,1.24765436543501,0.844622514818012,305.399677234916,1
"389",356.884183262752,0,126.789713888266,67.2934146276877,0,1.09289616158719,0.0573934509101347,362.559049839914,1
"390",367.035827791247,0,133.981816516563,78.6055577106255,0,1.06745116475849,0.437604621134605,372.528742641396,1
"391",366.792178936007,0,135.710131278282,82.3515937981763,0,1.24639574418156,0.407776227973904,373.636908607347,1
"392",338.480602174542,0,105.629266561067,61.3956698802533,0,1.19724042177086,0.00695305187405857,294.207290614594,1
"393",352.996380496271,0,61.2764617664436,32.2259455022092,0,0.857987564436069,0.0709625653679036,175.421436169749,1
"394",391.779066410363,83.4946270203394,28.9228742598942,13.0768647476676,0,0.533541504668663,1.12365777558667,86.3748483075434,1
"395",393.506278859002,99.9246153664543,14.9135788813787,6.06114666483412,0,0.540581439549572,1.06244874373045,45.8711382550348,1
"396",393.506158847173,111.032723352128,12.3594461453219,5.06696237659068,0,0.905933989863617,1.10158406854826,37.8931645272348,1
"397",393.503574075191,58.3665670030804,18.8232068429994,7.88642789296572,0,1.23201271847088,1.18171199998262,57.3572945937542,1
"398",393.502178027361,109.738443577787,39.4294011730217,16.6363071855958,0,1.41923727134781,1.03857748589519,120.007077789258,1
"399",393.138417996282,14.6033522320772,84.9206691311589,38.7486314184822,0,1.82864961837219,1.2797864764421,253.021476961501,1
"400",381.183433704522,0,133.159057273526,67.329504189992,0,1.98995571767188,0.906136300022825,385.580431025576,1
"401",327.542844103295,0,154.344212445234,84.5749313983471,0,1.60543388960319,0.0107931930621704,437.29173922344,0.97067995146344
"402",288.186727055918,0,136.745261179294,79.2060993262287,0,1.08971824761821,3.8981405542295e-06,381.527450601143,0.81439932226114
"403",263.488461834794,0,125.245874055401,72.946960105323,0,1.14901186948278,1.07442790211439e-07,345.322868420034,0.667989290896574
"404",264.998651395103,0,99.9921316778603,57.008039503176,0,1.20143533302816,9.00022253632996e-08,276.91915251692,0.676941616046201
"405",261.354516054172,0,60.2854620322347,30.2786352728703,0,0.90238320057744,3.95485009948765e-08,172.381034776263,0.655339371322303
"406",286.540392077525,0,29.2111413966871,13.3638768312656,0,0.599955160402523,0.000177022939804803,86.0881237023821,0.797191503753221
"407",366.152044066102,3.84012890176194,14.9569478946805,6.3610490572605,0,0.550158893354,0.364502570025441,45.4095422040456,1
"408",393.506963914313,70.2689478587368,10.8144808575514,4.10463647735067,0,0.650304132678054,1.07662698719784,33.9307894824866,1
"409",393.497498583984,31.5810708795398,17.7019770674445,6.71435191458159,0,0.985883199266419,1.13748674455392,55.5645749117883,1
"410",393.506063268404,68.3971335193751,34.6532137514057,14.0943480121703,0,1.14140795679624,0.997655364209413,106.627960978638,1
"411",390.140141822272,6.0748862765895,78.127118101769,32.6414973830372,0,1.50314258845449,1.18898560464952,238.775601763269,1
"412",368.966112082103,0,105.979674201303,47.5819702523985,0,1.23338344372933,0.381626074434815,317.692140808243,1
"413",367.38693802615,0,125.03421274745,66.8218917572554,0,1.06746350514546,0.373780744214314,356.965129527316,1
"414",390.135211673478,10.9327977417607,135.359054512757,80.7902848263971,0,1.1079840847069,1.44209146863483,374.50181209697,1
"415",389.656697183866,0.710128875963562,124.863352009522,74.6227925453096,0,1.05298918568021,1.54042577037126,345.282841054304,1
"416",391.83848956496,5.67351278512382,93.3216359770517,54.0004552675315,0,0.962833486172109,1.56300894775924,260.241572349457,1
"417",392.954399567287,12.3782889803602,59.7759593067361,32.6231875669648,0,0.857173504104504,1.45773684993623,169.342794127772,1
"418",393.502595669077,100.959914021001,31.1262617168162,14.6361065491184,0,0.620939356374631,1.21204258952719,91.9187067800351,1
"419",393.477776928751,9.78293097334455,13.9411913791565,5.86374005117114,0,0.484514486166512,1.23458560954371,42.4509515007725,1
"420",393.505383100966,71.6319037385617,11.2748422867935,4.50334078899839,0,0.758015896955545,1.12563220096744,34.8444329337057,1
"421",393.487217615018,11.7193496350159,19.9270822189632,8.00075478257017,0,1.33165374678016,1.21957756609086,61.5002390646056,1
"422",393.488953225015,41.0108830680218,38.7826454662498,16.591108267825,0,1.4883430958045,1.08520655712281,117.557252000298,1
"423",393.297704465337,24.3989351602362,79.4488912580971,35.5209514827445,0,1.66575780020889,1.24771681758775,238.044748787103,1
"424",377.610861173894,0,108.745592309866,54.1893952299463,0,1.40769058887194,0.753450861875088,316.30715999717,1
"425",347.228938792079,0,138.993147740084,76.680514826934,0,1.33258165026484,0.0252043838207758,393.031636548973,1
"426",304.611996160436,0,151.424523067325,89.8369325777749,0,1.34839985662332,0.000244898926554208,419.607099532357,0.904313383852055
"427",236.597634263836,0,135.695244337325,75.9058356385943,0,1.50194150168626,1.6720060333949e-08,370.525020567825,0.508581863984828
"428",207.369282878056,0,92.6998872249745,41.1575652406934,0,1.27142054103762,2.31478970988926e-14,256.368409679681,0.335317717502722
"429",230.487734028992,0,57.2172500489487,25.5489121199715,0,0.951921049847533,6.20799443141474e-11,162.647590173853,0.472362693245144
"430",277.243521349152,0,34.6558771095804,16.5530608097949,0,0.827874346402066,1.24028283120231e-05,100.520479233855,0.749528568124684
"431",366.514041850337,63.5338967640688,14.5097141894739,6.1526789344126,0,0.516351292118921,0.413029318605832,44.1275413223816,0.998958341045193
"432",393.506138534764,49.816974884948,12.3573682018544,4.63958993284686,0,0.858604304979941,1.10221375323396,38.8956907062342,1
"433",393.506553730277,71.814812180086,19.6955687121951,7.66468544118815,0,1.28482739305604,1.08934269231438,61.3393546090341,1
"434",387.803593850539,0,31.3437144084301,12.6304303547128,0,0.962178291802896,1.05155432688377,96.7087087868251,1
"435",371.875085520826,0,66.818678752491,28.5851531562707,0,1.14964656752046,0.43013532502381,202.820871136443,1
"436",383.625673910616,2.54943023020206,108.844263811574,51.5431079193172,0,1.32956860217474,0.936553520685746,321.245422601405,1
"437",377.128515212596,0,151.132831779446,83.0271438207387,0,1.53819930375015,0.810989488377133,428.000919435592,1
"438",324.757887015174,0,144.322744639054,84.3424423609253,0,1.2236518767641,0.00412134678310145,401.674013308209,0.977466217943372
"439",308.742808115149,0,121.978106658025,70.1857304324352,0,0.972323826120149,0.000109111330325395,340.933827391513,0.936254701400911
"440",327.309651956244,0,102.745728109651,59.5437390994321,0,1.14554234917906,0.00122624961357184,286.391460172759,1
"441",347.819532737399,0,66.8079448001051,36.8480924890334,0,1.0535307236855,0.0294468169146087,188.708707538442,1
"442",388.631661664004,58.647700482157,34.9181704456324,16.4261350095245,0,0.753021432075617,1.04629410820227,103.102014855962,1
"443",393.505679125052,93.1288136548807,15.2555003234019,6.34243972626436,0,0.549103143392079,1.08044076221685,46.6109832256948,1
"444",393.504112480968,62.3270778991584,9.61170044921273,3.95985833900908,0,0.566190782126457,1.16502142091238,29.428062050926,1
