Year,Width,Age,ID,Plot
2023,1.693333333,37,1223_2180_1111,1
2022,0.804333333,36,1223_2180_1111,1
2021,1.016,35,1223_2180_1111,1
2020,1.354666667,34,1223_2180_1111,1
2019,1.608666667,33,1223_2180_1111,1
2018,2.201333333,32,1223_2180_1111,1
2017,3.302,31,1223_2180_1111,1
2016,2.836333333,30,1223_2180_1111,1
2015,2.963333333,29,1223_2180_1111,1
2014,3.259666667,28,1223_2180_1111,1
2013,2.963333333,27,1223_2180_1111,1
2012,3.683,26,1223_2180_1111,1
2011,4.402666667,25,1223_2180_1111,1
2010,7.154333333,24,1223_2180_1111,1
2009,6.688666667,23,1223_2180_1111,1
2008,5.037666667,22,1223_2180_1111,1
2007,3.894666667,21,1223_2180_1111,1
2006,5.249333333,20,1223_2180_1111,1
2005,6.646333333,19,1223_2180_1111,1
2004,5.418666667,18,1223_2180_1111,1
2003,7.112,17,1223_2180_1111,1
2002,4.783666667,16,1223_2180_1111,1
2001,3.386666667,15,1223_2180_1111,1
2000,3.979333333,14,1223_2180_1111,1
1999,4.318,13,1223_2180_1111,1
1998,0.254,12,1223_2180_1111,1
1997,4.741333333,11,1223_2180_1111,1
1996,3.640666667,10,1223_2180_1111,1
1995,6.942666667,9,1223_2180_1111,1
1994,5.630333333,8,1223_2180_1111,1
1993,4.529666667,7,1223_2180_1111,1
1992,4.064,6,1223_2180_1111,1
1991,7.577666667,5,1223_2180_1111,1
1990,7.112,4,1223_2180_1111,1
1989,2.159,3,1223_2180_1111,1
1988,5.842,2,1223_2180_1111,1
1987,5.291666667,1,1223_2180_1111,1
2023,1.524,35,1218_2175_1111,1
2022,1.439333333,34,1218_2175_1111,1
2021,1.566333333,33,1218_2175_1111,1
2020,1.227666667,32,1218_2175_1111,1
2019,1.820333333,31,1218_2175_1111,1
2018,1.312333333,30,1218_2175_1111,1
2017,1.397,29,1218_2175_1111,1
2016,0.846666667,28,1218_2175_1111,1
2015,0.973666667,27,1218_2175_1111,1
2014,1.058333333,26,1218_2175_1111,1
2013,1.100666667,25,1218_2175_1111,1
2012,0.973666667,24,1218_2175_1111,1
2011,0.508,23,1218_2175_1111,1
2010,1.312333333,22,1218_2175_1111,1
2009,1.439333333,21,1218_2175_1111,1
2008,1.439333333,20,1218_2175_1111,1
2007,1.735666667,19,1218_2175_1111,1
2006,2.201333333,18,1218_2175_1111,1
2005,2.074333333,17,1218_2175_1111,1
2004,2.201333333,16,1218_2175_1111,1
2003,2.455333333,15,1218_2175_1111,1
2002,2.243666667,14,1218_2175_1111,1
2001,2.201333333,13,1218_2175_1111,1
2000,2.54,12,1218_2175_1111,1
1999,2.709333333,11,1218_2175_1111,1
1998,2.667,10,1218_2175_1111,1
1997,2.455333333,9,1218_2175_1111,1
1996,2.751666667,8,1218_2175_1111,1
1995,2.751666667,7,1218_2175_1111,1
1994,3.005666667,6,1218_2175_1111,1
1993,2.878666667,5,1218_2175_1111,1
1992,2.286,4,1218_2175_1111,1
1991,1.100666667,3,1218_2175_1111,1
1990,3.767666667,2,1218_2175_1111,1
1989,3.471333333,1,1218_2175_1111,1
2023,0.973666667,31,1216_2173_1111,1
2022,1.016,30,1216_2173_1111,1
2021,0.635,29,1216_2173_1111,1
2020,0.762,28,1216_2173_1111,1
2019,0.804333333,27,1216_2173_1111,1
2018,0.804333333,26,1216_2173_1111,1
2017,0.550333333,25,1216_2173_1111,1
2016,0.592666667,24,1216_2173_1111,1
2015,0.592666667,23,1216_2173_1111,1
2014,0.889,22,1216_2173_1111,1
2013,1.312333333,21,1216_2173_1111,1
2012,1.566333333,20,1216_2173_1111,1
2011,0.677333333,19,1216_2173_1111,1
2010,1.016,18,1216_2173_1111,1
2009,1.016,17,1216_2173_1111,1
2008,1.143,16,1216_2173_1111,1
2007,1.27,15,1216_2173_1111,1
2006,1.651,14,1216_2173_1111,1
2005,1.778,13,1216_2173_1111,1
2004,2.963333333,12,1216_2173_1111,1
2003,4.021666667,11,1216_2173_1111,1
2002,2.794,10,1216_2173_1111,1
2001,4.191,9,1216_2173_1111,1
2000,3.132666667,8,1216_2173_1111,1
1999,5.545666667,7,1216_2173_1111,1
1998,6.265333333,6,1216_2173_1111,1
1997,6.477,5,1216_2173_1111,1
1996,5.503333333,4,1216_2173_1111,1
1995,4.106333333,3,1216_2173_1111,1
1994,3.048,2,1216_2173_1111,1
1993,3.302,1,1216_2173_1111,1
2023,1.693333333,34,1215_2172_1111,1
2022,1.820333333,33,1215_2172_1111,1
2021,1.651,32,1215_2172_1111,1
2020,1.566333333,31,1215_2172_1111,1
2019,1.481666667,30,1215_2172_1111,1
2018,1.905,29,1215_2172_1111,1
2017,1.735666667,28,1215_2172_1111,1
2016,2.032,27,1215_2172_1111,1
2015,2.370666667,26,1215_2172_1111,1
2014,2.582333333,25,1215_2172_1111,1
2013,1.989666667,24,1215_2172_1111,1
2012,1.905,23,1215_2172_1111,1
2011,1.989666667,22,1215_2172_1111,1
2010,3.175,21,1215_2172_1111,1
2009,3.090333333,20,1215_2172_1111,1
2008,1.947333333,19,1215_2172_1111,1
2007,1.778,18,1215_2172_1111,1
2006,1.651,17,1215_2172_1111,1
2005,2.286,16,1215_2172_1111,1
2004,1.947333333,15,1215_2172_1111,1
2003,1.947333333,14,1215_2172_1111,1
2002,1.905,13,1215_2172_1111,1
2001,1.397,12,1215_2172_1111,1
2000,2.455333333,11,1215_2172_1111,1
1999,2.921,10,1215_2172_1111,1
1998,2.413,9,1215_2172_1111,1
1997,3.471333333,8,1215_2172_1111,1
1996,3.048,7,1215_2172_1111,1
1995,4.529666667,6,1215_2172_1111,1
1994,4.699,5,1215_2172_1111,1
1993,4.614333333,4,1215_2172_1111,1
1992,5.969,3,1215_2172_1111,1
1991,3.386666667,2,1215_2172_1111,1
1990,4.487333333,1,1215_2172_1111,1
2023,1.905,30,1214_2171_1111,1
2022,1.143,29,1214_2171_1111,1
2021,2.074333333,28,1214_2171_1111,1
2020,2.032,27,1214_2171_1111,1
2019,1.312333333,26,1214_2171_1111,1
2018,2.709333333,25,1214_2171_1111,1
2017,1.905,24,1214_2171_1111,1
2016,1.524,23,1214_2171_1111,1
2015,2.328333333,22,1214_2171_1111,1
2014,1.905,21,1214_2171_1111,1
2013,1.016,20,1214_2171_1111,1
2012,1.185333333,19,1214_2171_1111,1
2011,0.889,18,1214_2171_1111,1
2010,1.185333333,17,1214_2171_1111,1
2009,1.566333333,16,1214_2171_1111,1
2008,1.100666667,15,1214_2171_1111,1
2007,1.185333333,14,1214_2171_1111,1
2006,1.735666667,13,1214_2171_1111,1
2005,1.735666667,12,1214_2171_1111,1
2004,1.862666667,11,1214_2171_1111,1
2003,2.582333333,10,1214_2171_1111,1
2002,2.667,9,1214_2171_1111,1
2001,3.598333333,8,1214_2171_1111,1
2000,3.259666667,7,1214_2171_1111,1
1999,2.794,6,1214_2171_1111,1
1998,2.624666667,5,1214_2171_1111,1
1997,2.413,4,1214_2171_1111,1
1996,3.81,3,1214_2171_1111,1
1995,4.572,2,1214_2171_1111,1
1994,6.731,1,1214_2171_1111,1
2023,0.846666667,38,1247_2214_1111,1
2022,1.524,37,1247_2214_1111,1
2021,1.439333333,36,1247_2214_1111,1
2020,1.735666667,35,1247_2214_1111,1
2019,0.677333333,34,1247_2214_1111,1
2018,1.481666667,33,1247_2214_1111,1
2017,1.608666667,32,1247_2214_1111,1
2016,1.354666667,31,1247_2214_1111,1
2015,1.185333333,30,1247_2214_1111,1
2014,1.227666667,29,1247_2214_1111,1
2013,0.889,28,1247_2214_1111,1
2012,1.735666667,27,1247_2214_1111,1
2011,1.312333333,26,1247_2214_1111,1
2010,1.227666667,25,1247_2214_1111,1
2009,1.947333333,24,1247_2214_1111,1
2008,1.397,23,1247_2214_1111,1
2007,1.566333333,22,1247_2214_1111,1
2006,1.566333333,21,1247_2214_1111,1
2005,1.481666667,20,1247_2214_1111,1
2004,2.582333333,19,1247_2214_1111,1
2003,0.973666667,18,1247_2214_1111,1
2002,1.735666667,17,1247_2214_1111,1
2001,2.836333333,16,1247_2214_1111,1
2000,3.513666667,15,1247_2214_1111,1
1999,3.725333333,14,1247_2214_1111,1
1998,4.826,13,1247_2214_1111,1
1997,5.672666667,12,1247_2214_1111,1
1996,5.672666667,11,1247_2214_1111,1
1995,9.271,10,1247_2214_1111,1
1994,11.303,9,1247_2214_1111,1
1993,8.847666667,8,1247_2214_1111,1
1992,7.577666667,7,1247_2214_1111,1
1991,8.255,6,1247_2214_1111,1
1990,8.043333333,5,1247_2214_1111,1
1989,9.059333333,4,1247_2214_1111,1
1988,8.297333333,3,1247_2214_1111,1
1987,8.212666667,2,1247_2214_1111,1
1986,6.900333333,1,1247_2214_1111,1
2023,1.989666667,27,1224_5867_1111,1
2022,2.201333333,26,1224_5867_1111,1
2021,2.667,25,1224_5867_1111,1
2020,2.794,24,1224_5867_1111,1
2019,2.836333333,23,1224_5867_1111,1
2018,1.439333333,22,1224_5867_1111,1
2017,1.862666667,21,1224_5867_1111,1
2016,2.963333333,20,1224_5867_1111,1
2015,2.413,19,1224_5867_1111,1
2014,1.862666667,18,1224_5867_1111,1
2013,1.312333333,17,1224_5867_1111,1
2012,1.016,16,1224_5867_1111,1
2011,1.227666667,15,1224_5867_1111,1
2010,1.439333333,14,1224_5867_1111,1
2009,1.481666667,13,1224_5867_1111,1
2008,1.481666667,12,1224_5867_1111,1
2007,2.455333333,11,1224_5867_1111,1
2006,3.471333333,10,1224_5867_1111,1
2005,5.799666667,9,1224_5867_1111,1
2004,3.81,8,1224_5867_1111,1
2003,5.418666667,7,1224_5867_1111,1
2002,6.223,6,1224_5867_1111,1
2001,5.418666667,5,1224_5867_1111,1
2000,7.196666667,4,1224_5867_1111,1
1999,5.884333333,3,1224_5867_1111,1
1998,5.757333333,2,1224_5867_1111,1
1997,5.461,1,1224_5867_1111,1
2023,2.413,34,1242_2204_1111,1
2022,3.513666667,33,1242_2204_1111,1
2021,3.81,32,1242_2204_1111,1
2020,4.275666667,31,1242_2204_1111,1
2019,3.471333333,30,1242_2204_1111,1
2018,5.207,29,1242_2204_1111,1
2017,3.132666667,28,1242_2204_1111,1
2016,3.259666667,27,1242_2204_1111,1
2015,3.767666667,26,1242_2204_1111,1
2014,3.640666667,25,1242_2204_1111,1
2013,3.429,24,1242_2204_1111,1
2012,3.344333333,23,1242_2204_1111,1
2011,4.233333333,22,1242_2204_1111,1
2010,4.614333333,21,1242_2204_1111,1
2009,3.640666667,20,1242_2204_1111,1
2008,3.513666667,19,1242_2204_1111,1
2007,3.556,18,1242_2204_1111,1
2006,2.667,17,1242_2204_1111,1
2005,4.995333333,16,1242_2204_1111,1
2004,4.868333333,15,1242_2204_1111,1
2003,4.106333333,14,1242_2204_1111,1
2002,5.588,13,1242_2204_1111,1
2001,4.064,12,1242_2204_1111,1
2000,3.386666667,11,1242_2204_1111,1
1999,4.783666667,10,1242_2204_1111,1
1998,3.81,9,1242_2204_1111,1
1997,6.815666667,8,1242_2204_1111,1
1996,4.741333333,7,1242_2204_1111,1
1995,4.783666667,6,1242_2204_1111,1
1994,5.418666667,5,1242_2204_1111,1
1993,5.884333333,4,1242_2204_1111,1
1992,6.138333333,3,1242_2204_1111,1
1991,6.223,2,1242_2204_1111,1
1990,6.985,1,1242_2204_1111,1
2023,0.635,31,1244_2207_1111,1
2022,0.465666667,30,1244_2207_1111,1
2021,0.846666667,29,1244_2207_1111,1
2020,0.423333333,28,1244_2207_1111,1
2019,0.677333333,27,1244_2207_1111,1
2018,0.381,26,1244_2207_1111,1
2017,0.635,25,1244_2207_1111,1
2016,0.381,24,1244_2207_1111,1
2015,0.804333333,23,1244_2207_1111,1
2014,0.846666667,22,1244_2207_1111,1
2013,0.635,21,1244_2207_1111,1
2012,0.846666667,20,1244_2207_1111,1
2011,0.931333333,19,1244_2207_1111,1
2010,0.889,18,1244_2207_1111,1
2009,0.592666667,17,1244_2207_1111,1
2008,0.931333333,16,1244_2207_1111,1
2007,1.693333333,15,1244_2207_1111,1
2006,1.820333333,14,1244_2207_1111,1
2005,2.286,13,1244_2207_1111,1
2004,2.074333333,12,1244_2207_1111,1
2003,1.735666667,11,1244_2207_1111,1
2002,2.582333333,10,1244_2207_1111,1
2001,1.905,9,1244_2207_1111,1
2000,3.048,8,1244_2207_1111,1
1999,4.572,7,1244_2207_1111,1
1998,4.106333333,6,1244_2207_1111,1
1997,6.688666667,5,1244_2207_1111,1
1996,6.688666667,4,1244_2207_1111,1
1995,6.392333333,3,1244_2207_1111,1
1994,7.366,2,1244_2207_1111,1
1993,8.805333333,1,1244_2207_1111,1
2023,1.693333333,34,1243_5873_1111,1
2022,1.608666667,33,1243_5873_1111,1
2021,1.354666667,32,1243_5873_1111,1
2020,1.354666667,31,1243_5873_1111,1
2019,1.397,30,1243_5873_1111,1
2018,1.227666667,29,1243_5873_1111,1
2017,1.27,28,1243_5873_1111,1
2016,1.27,27,1243_5873_1111,1
2015,1.397,26,1243_5873_1111,1
2014,1.312333333,25,1243_5873_1111,1
2013,1.397,24,1243_5873_1111,1
2012,1.481666667,23,1243_5873_1111,1
2011,1.735666667,22,1243_5873_1111,1
2010,1.820333333,21,1243_5873_1111,1
2009,1.735666667,20,1243_5873_1111,1
2008,1.905,19,1243_5873_1111,1
2007,1.354666667,18,1243_5873_1111,1
2006,1.27,17,1243_5873_1111,1
2005,0.677333333,16,1243_5873_1111,1
2004,1.354666667,15,1243_5873_1111,1
2003,1.185333333,14,1243_5873_1111,1
2002,1.481666667,13,1243_5873_1111,1
2001,1.016,12,1243_5873_1111,1
2000,1.354666667,11,1243_5873_1111,1
1999,1.524,10,1243_5873_1111,1
1998,2.455333333,9,1243_5873_1111,1
1997,1.905,8,1243_5873_1111,1
1996,2.370666667,7,1243_5873_1111,1
1995,2.667,6,1243_5873_1111,1
1994,5.545666667,5,1243_5873_1111,1
1993,4.656666667,4,1243_5873_1111,1
1992,4.318,3,1243_5873_1111,1
1991,5.926666667,2,1243_5873_1111,1
1990,6.477,1,1243_5873_1111,1
2023,1.016,30,4051_5872_1111,1
2022,0.931333333,29,4051_5872_1111,1
2021,0.889,28,4051_5872_1111,1
2020,1.524,27,4051_5872_1111,1
2019,1.862666667,26,4051_5872_1111,1
2018,0.931333333,25,4051_5872_1111,1
2017,2.074333333,24,4051_5872_1111,1
2016,2.921,23,4051_5872_1111,1
2015,3.175,22,4051_5872_1111,1
2014,2.413,21,4051_5872_1111,1
2013,1.778,20,4051_5872_1111,1
2012,1.947333333,19,4051_5872_1111,1
2011,1.905,18,4051_5872_1111,1
2010,1.481666667,17,4051_5872_1111,1
2009,1.608666667,16,4051_5872_1111,1
2008,1.481666667,15,4051_5872_1111,1
2007,1.693333333,14,4051_5872_1111,1
2006,1.566333333,13,4051_5872_1111,1
2005,1.354666667,12,4051_5872_1111,1
2004,1.481666667,11,4051_5872_1111,1
2003,1.820333333,10,4051_5872_1111,1
2002,1.947333333,9,4051_5872_1111,1
2001,3.302,8,4051_5872_1111,1
2000,6.096,7,4051_5872_1111,1
1999,5.08,6,4051_5872_1111,1
1998,6.604,5,4051_5872_1111,1
1997,4.402666667,4,4051_5872_1111,1
1996,4.826,3,4051_5872_1111,1
1995,4.656666667,2,4051_5872_1111,1
1994,4.360333333,1,4051_5872_1111,1
2023,0.465666667,31,4050_5871_1111,1
2022,0.465666667,30,4050_5871_1111,1
2021,0.508,29,4050_5871_1111,1
2020,0.550333333,28,4050_5871_1111,1
2019,0.465666667,27,4050_5871_1111,1
2018,0.465666667,26,4050_5871_1111,1
2017,0.465666667,25,4050_5871_1111,1
2016,0.550333333,24,4050_5871_1111,1
2015,0.762,23,4050_5871_1111,1
2014,0.338666667,22,4050_5871_1111,1
2013,0.931333333,21,4050_5871_1111,1
2012,0.635,20,4050_5871_1111,1
2011,1.820333333,19,4050_5871_1111,1
2010,1.608666667,18,4050_5871_1111,1
2009,2.159,17,4050_5871_1111,1
2008,1.608666667,16,4050_5871_1111,1
2007,2.921,15,4050_5871_1111,1
2006,4.445,14,4050_5871_1111,1
2005,3.894666667,13,4050_5871_1111,1
2004,3.894666667,12,4050_5871_1111,1
2003,3.471333333,11,4050_5871_1111,1
2002,4.826,10,4050_5871_1111,1
2001,4.995333333,9,4050_5871_1111,1
2000,5.037666667,8,4050_5871_1111,1
1999,5.757333333,7,4050_5871_1111,1
1998,6.138333333,6,4050_5871_1111,1
1997,7.196666667,5,4050_5871_1111,1
1996,6.773333333,4,4050_5871_1111,1
1995,6.180666667,3,4050_5871_1111,1
1994,5.672666667,2,4050_5871_1111,1
1993,7.916333333,1,4050_5871_1111,1
2023,0.592666667,30,4050_5871_2222,1
2022,0.592666667,29,4050_5871_2222,1
2021,0.677333333,28,4050_5871_2222,1
2020,1.016,27,4050_5871_2222,1
2019,1.185333333,26,4050_5871_2222,1
2018,1.354666667,25,4050_5871_2222,1
2017,1.100666667,24,4050_5871_2222,1
2016,1.354666667,23,4050_5871_2222,1
2015,1.227666667,22,4050_5871_2222,1
2014,0.804333333,21,4050_5871_2222,1
2013,1.185333333,20,4050_5871_2222,1
2012,2.328333333,19,4050_5871_2222,1
2011,2.116666667,18,4050_5871_2222,1
2010,2.328333333,17,4050_5871_2222,1
2009,4.064,16,4050_5871_2222,1
2008,4.106333333,15,4050_5871_2222,1
2007,3.852333333,14,4050_5871_2222,1
2006,4.064,13,4050_5871_2222,1
2005,3.344333333,12,4050_5871_2222,1
2004,3.429,11,4050_5871_2222,1
2003,3.937,10,4050_5871_2222,1
2002,4.233333333,9,4050_5871_2222,1
2001,5.334,8,4050_5871_2222,1
2000,5.037666667,7,4050_5871_2222,1
1999,4.953,6,4050_5871_2222,1
1998,4.572,5,4050_5871_2222,1
1997,4.614333333,4,4050_5871_2222,1
1996,5.588,3,4050_5871_2222,1
1995,3.429,2,4050_5871_2222,1
1994,7.874,1,4050_5871_2222,1
2023,1.227666667,35,1245_1440_1111,1
2022,1.143,34,1245_1440_1111,1
2021,2.286,33,1245_1440_1111,1
2020,2.709333333,32,1245_1440_1111,1
2019,3.217333333,31,1245_1440_1111,1
2018,2.794,30,1245_1440_1111,1
2017,2.032,29,1245_1440_1111,1
2016,2.159,28,1245_1440_1111,1
2015,1.820333333,27,1245_1440_1111,1
2014,1.947333333,26,1245_1440_1111,1
2013,2.370666667,25,1245_1440_1111,1
2012,2.751666667,24,1245_1440_1111,1
2011,2.963333333,23,1245_1440_1111,1
2010,1.905,22,1245_1440_1111,1
2009,2.794,21,1245_1440_1111,1
2008,3.471333333,20,1245_1440_1111,1
2007,4.275666667,19,1245_1440_1111,1
2006,2.243666667,18,1245_1440_1111,1
2005,2.963333333,17,1245_1440_1111,1
2004,5.672666667,16,1245_1440_1111,1
2003,6.604,15,1245_1440_1111,1
2002,4.529666667,14,1245_1440_1111,1
2001,6.646333333,13,1245_1440_1111,1
2000,4.741333333,12,1245_1440_1111,1
1999,4.487333333,11,1245_1440_1111,1
1998,5.588,10,1245_1440_1111,1
1997,5.545666667,9,1245_1440_1111,1
1996,6.858,8,1245_1440_1111,1
1995,5.926666667,7,1245_1440_1111,1
1994,7.027333333,6,1245_1440_1111,1
1993,7.281333333,5,1245_1440_1111,1
1992,6.688666667,4,1245_1440_1111,1
1991,7.62,3,1245_1440_1111,1
1990,5.630333333,2,1245_1440_1111,1
1989,5.291666667,1,1245_1440_1111,1
2023,1.058333333,30,1248_2215_1111,1
2022,1.27,29,1248_2215_1111,1
2021,1.058333333,28,1248_2215_1111,1
2020,1.354666667,27,1248_2215_1111,1
2019,1.651,26,1248_2215_1111,1
2018,1.820333333,25,1248_2215_1111,1
2017,2.074333333,24,1248_2215_1111,1
2016,1.566333333,23,1248_2215_1111,1
2015,1.312333333,22,1248_2215_1111,1
2014,1.905,21,1248_2215_1111,1
2013,2.201333333,20,1248_2215_1111,1
2012,1.862666667,19,1248_2215_1111,1
2011,2.074333333,18,1248_2215_1111,1
2010,1.566333333,17,1248_2215_1111,1
2009,1.397,16,1248_2215_1111,1
2008,1.862666667,15,1248_2215_1111,1
2007,2.201333333,14,1248_2215_1111,1
2006,2.159,13,1248_2215_1111,1
2005,1.397,12,1248_2215_1111,1
2004,1.989666667,11,1248_2215_1111,1
2003,2.497666667,10,1248_2215_1111,1
2002,3.048,9,1248_2215_1111,1
2001,4.275666667,8,1248_2215_1111,1
2000,3.894666667,7,1248_2215_1111,1
1999,3.598333333,6,1248_2215_1111,1
1998,4.064,5,1248_2215_1111,1
1997,4.275666667,4,1248_2215_1111,1
1996,4.318,3,1248_2215_1111,1
1995,5.122333333,2,1248_2215_1111,1
1994,5.461,1,1248_2215_1111,1
2023,1.397,28,4048_5868_1111,1
2022,2.116666667,27,4048_5868_1111,1
2021,2.074333333,26,4048_5868_1111,1
2020,2.243666667,25,4048_5868_1111,1
2019,1.312333333,24,4048_5868_1111,1
2018,1.693333333,23,4048_5868_1111,1
2017,1.947333333,22,4048_5868_1111,1
2016,1.862666667,21,4048_5868_1111,1
2015,2.328333333,20,4048_5868_1111,1
2014,2.159,19,4048_5868_1111,1
2013,2.074333333,18,4048_5868_1111,1
2012,0.762,17,4048_5868_1111,1
2011,2.159,16,4048_5868_1111,1
2010,2.159,15,4048_5868_1111,1
2009,2.370666667,14,4048_5868_1111,1
2008,2.074333333,13,4048_5868_1111,1
2007,1.989666667,12,4048_5868_1111,1
2006,2.455333333,11,4048_5868_1111,1
2005,3.302,10,4048_5868_1111,1
2004,4.402666667,9,4048_5868_1111,1
2003,4.699,8,4048_5868_1111,1
2002,5.376333333,7,4048_5868_1111,1
2001,6.265333333,6,4048_5868_1111,1
2000,4.614333333,5,4048_5868_1111,1
1999,5.503333333,4,4048_5868_1111,1
1998,7.62,3,4048_5868_1111,1
1997,10.414,2,4048_5868_1111,1
1996,10.62566667,1,4048_5868_1111,1
2023,0.804333333,26,4049_5869_1111,1
2022,0.719666667,25,4049_5869_1111,1
2021,0.804333333,24,4049_5869_1111,1
2020,0.719666667,23,4049_5869_1111,1
2019,1.312333333,22,4049_5869_1111,1
2018,1.693333333,21,4049_5869_1111,1
2017,1.735666667,20,4049_5869_1111,1
2016,1.524,19,4049_5869_1111,1
2015,1.693333333,18,4049_5869_1111,1
2014,1.989666667,17,4049_5869_1111,1
2013,1.735666667,16,4049_5869_1111,1
2012,2.836333333,15,4049_5869_1111,1
2011,1.778,14,4049_5869_1111,1
2010,1.608666667,13,4049_5869_1111,1
2009,2.116666667,12,4049_5869_1111,1
2008,2.286,11,4049_5869_1111,1
2007,2.794,10,4049_5869_1111,1
2006,1.905,9,4049_5869_1111,1
2005,3.894666667,8,4049_5869_1111,1
2004,4.826,7,4049_5869_1111,1
2003,4.402666667,6,4049_5869_1111,1
2002,5.969,5,4049_5869_1111,1
2001,3.513666667,4,4049_5869_1111,1
2000,5.249333333,3,4049_5869_1111,1
1999,5.122333333,2,4049_5869_1111,1
1998,4.953,1,4049_5869_1111,1
2023,1.143,36,1246_2212_1111,1
2022,1.439333333,35,1246_2212_1111,1
2021,1.566333333,34,1246_2212_1111,1
2020,1.608666667,33,1246_2212_1111,1
2019,1.947333333,32,1246_2212_1111,1
2018,2.032,31,1246_2212_1111,1
2017,2.116666667,30,1246_2212_1111,1
2016,2.159,29,1246_2212_1111,1
2015,2.413,28,1246_2212_1111,1
2014,2.709333333,27,1246_2212_1111,1
2013,2.751666667,26,1246_2212_1111,1
2012,2.624666667,25,1246_2212_1111,1
2011,2.328333333,24,1246_2212_1111,1
2010,1.608666667,23,1246_2212_1111,1
2009,1.27,22,1246_2212_1111,1
2008,1.651,21,1246_2212_1111,1
2007,1.905,20,1246_2212_1111,1
2006,3.132666667,19,1246_2212_1111,1
2005,1.481666667,18,1246_2212_1111,1
2004,1.905,17,1246_2212_1111,1
2003,2.455333333,16,1246_2212_1111,1
2002,1.651,15,1246_2212_1111,1
2001,1.693333333,14,1246_2212_1111,1
2000,2.836333333,13,1246_2212_1111,1
1999,2.878666667,12,1246_2212_1111,1
1998,3.852333333,11,1246_2212_1111,1
1997,3.048,10,1246_2212_1111,1
1996,4.064,9,1246_2212_1111,1
1995,3.894666667,8,1246_2212_1111,1
1994,3.556,7,1246_2212_1111,1
1993,5.164666667,6,1246_2212_1111,1
1992,4.614333333,5,1246_2212_1111,1
1991,4.275666667,4,1246_2212_1111,1
1990,4.953,3,1246_2212_1111,1
1989,3.683,2,1246_2212_1111,1
1988,6.731,1,1246_2212_1111,1
2023,1.354666667,31,1251_2218_1111,1
2022,0.719666667,30,1251_2218_1111,1
2021,0.889,29,1251_2218_1111,1
2020,1.100666667,28,1251_2218_1111,1
2019,0.846666667,27,1251_2218_1111,1
2018,0.846666667,26,1251_2218_1111,1
2017,1.185333333,25,1251_2218_1111,1
2016,0.973666667,24,1251_2218_1111,1
2015,1.143,23,1251_2218_1111,1
2014,0.846666667,22,1251_2218_1111,1
2013,0.889,21,1251_2218_1111,1
2012,1.397,20,1251_2218_1111,1
2011,2.243666667,19,1251_2218_1111,1
2010,1.989666667,18,1251_2218_1111,1
2009,1.27,17,1251_2218_1111,1
2008,1.820333333,16,1251_2218_1111,1
2007,2.201333333,15,1251_2218_1111,1
2006,3.005666667,14,1251_2218_1111,1
2005,3.175,13,1251_2218_1111,1
2004,3.344333333,12,1251_2218_1111,1
2003,4.191,11,1251_2218_1111,1
2002,3.683,10,1251_2218_1111,1
2001,5.037666667,9,1251_2218_1111,1
2000,3.937,8,1251_2218_1111,1
1999,3.132666667,7,1251_2218_1111,1
1998,5.799666667,6,1251_2218_1111,1
1997,3.979333333,5,1251_2218_1111,1
1996,2.963333333,4,1251_2218_1111,1
1995,5.630333333,3,1251_2218_1111,1
1994,7.535333333,2,1251_2218_1111,1
1993,8.974666667,1,1251_2218_1111,1
2023,1.100666667,30,4052_5874_1111,1
2022,1.100666667,29,4052_5874_1111,1
2021,1.100666667,28,4052_5874_1111,1
2020,0.973666667,27,4052_5874_1111,1
2019,2.582333333,26,4052_5874_1111,1
2018,1.905,25,4052_5874_1111,1
2017,1.905,24,4052_5874_1111,1
2016,2.286,23,4052_5874_1111,1
2015,2.074333333,22,4052_5874_1111,1
2014,1.862666667,21,4052_5874_1111,1
2013,2.116666667,20,4052_5874_1111,1
2012,2.709333333,19,4052_5874_1111,1
2011,3.048,18,4052_5874_1111,1
2010,2.455333333,17,4052_5874_1111,1
2009,3.767666667,16,4052_5874_1111,1
2008,3.894666667,15,4052_5874_1111,1
2007,3.556,14,4052_5874_1111,1
2006,3.683,13,4052_5874_1111,1
2005,2.582333333,12,4052_5874_1111,1
2004,1.693333333,11,4052_5874_1111,1
2003,3.217333333,10,4052_5874_1111,1
2002,3.175,9,4052_5874_1111,1
2001,2.794,8,4052_5874_1111,1
2000,2.455333333,7,4052_5874_1111,1
1999,2.328333333,6,4052_5874_1111,1
1998,3.132666667,5,4052_5874_1111,1
1997,2.709333333,4,4052_5874_1111,1
1996,2.921,3,4052_5874_1111,1
1995,3.302,2,4052_5874_1111,1
1994,3.513666667,1,4052_5874_1111,1
2023,0.296333333,37,683_1411_1111,2
2022,0.423333333,36,683_1411_1111,2
2021,0.381,35,683_1411_1111,2
2020,0.423333333,34,683_1411_1111,2
2019,0.381,33,683_1411_1111,2
2018,0.592666667,32,683_1411_1111,2
2017,0.465666667,31,683_1411_1111,2
2016,0.508,30,683_1411_1111,2
2015,1.100666667,29,683_1411_1111,2
2014,0.423333333,28,683_1411_1111,2
2013,0.846666667,27,683_1411_1111,2
2012,0.931333333,26,683_1411_1111,2
2011,0.931333333,25,683_1411_1111,2
2010,0.973666667,24,683_1411_1111,2
2009,1.481666667,23,683_1411_1111,2
2008,2.286,22,683_1411_1111,2
2007,1.185333333,21,683_1411_1111,2
2006,2.751666667,20,683_1411_1111,2
2005,2.328333333,19,683_1411_1111,2
2004,2.455333333,18,683_1411_1111,2
2003,2.455333333,17,683_1411_1111,2
2002,2.497666667,16,683_1411_1111,2
2001,2.963333333,15,683_1411_1111,2
2000,4.064,14,683_1411_1111,2
1999,5.757333333,13,683_1411_1111,2
1998,4.064,12,683_1411_1111,2
1997,5.503333333,11,683_1411_1111,2
1996,6.858,10,683_1411_1111,2
1995,4.402666667,9,683_1411_1111,2
1994,4.910666667,8,683_1411_1111,2
1993,6.858,7,683_1411_1111,2
1992,8.932333333,6,683_1411_1111,2
1991,11.21833333,5,683_1411_1111,2
1990,11.684,4,683_1411_1111,2
1989,9.271,3,683_1411_1111,2
1988,7.027333333,2,683_1411_1111,2
1987,8.001,1,683_1411_1111,2
2023,0.804333333,42,682_1410_1111,2
2022,0.508,41,682_1410_1111,2
2021,0.465666667,40,682_1410_1111,2
2020,0.381,39,682_1410_1111,2
2019,0.719666667,38,682_1410_1111,2
2018,0.550333333,37,682_1410_1111,2
2017,0.381,36,682_1410_1111,2
2016,1.100666667,35,682_1410_1111,2
2015,0.677333333,34,682_1410_1111,2
2014,0.889,33,682_1410_1111,2
2013,0.804333333,32,682_1410_1111,2
2012,0.846666667,31,682_1410_1111,2
2011,0.508,30,682_1410_1111,2
2010,0.423333333,29,682_1410_1111,2
2009,0.423333333,28,682_1410_1111,2
2008,1.312333333,27,682_1410_1111,2
2007,0.889,26,682_1410_1111,2
2006,1.058333333,25,682_1410_1111,2
2005,1.354666667,24,682_1410_1111,2
2004,1.439333333,23,682_1410_1111,2
2003,1.735666667,22,682_1410_1111,2
2002,2.074333333,21,682_1410_1111,2
2001,1.778,20,682_1410_1111,2
2000,1.947333333,19,682_1410_1111,2
1999,2.159,18,682_1410_1111,2
1998,2.751666667,17,682_1410_1111,2
1997,1.651,16,682_1410_1111,2
1996,2.497666667,15,682_1410_1111,2
1995,1.778,14,682_1410_1111,2
1994,2.667,13,682_1410_1111,2
1993,1.481666667,12,682_1410_1111,2
1992,1.016,11,682_1410_1111,2
1991,0.889,10,682_1410_1111,2
1990,1.185333333,9,682_1410_1111,2
1989,1.905,8,682_1410_1111,2
1988,4.953,7,682_1410_1111,2
1987,5.842,6,682_1410_1111,2
1986,6.096,5,682_1410_1111,2
1985,7.662333333,4,682_1410_1111,2
1984,6.180666667,3,682_1410_1111,2
1983,11.72633333,2,682_1410_1111,2
1982,17.73766667,1,682_1410_1111,2
2023,2.201333333,49,680_1408_1111,2
2022,1.651,48,680_1408_1111,2
2021,2.963333333,47,680_1408_1111,2
2020,2.836333333,46,680_1408_1111,2
2019,3.132666667,45,680_1408_1111,2
2018,2.54,44,680_1408_1111,2
2017,2.709333333,43,680_1408_1111,2
2016,2.413,42,680_1408_1111,2
2015,3.090333333,41,680_1408_1111,2
2014,2.921,40,680_1408_1111,2
2013,3.217333333,39,680_1408_1111,2
2012,2.963333333,38,680_1408_1111,2
2011,3.005666667,37,680_1408_1111,2
2010,1.862666667,36,680_1408_1111,2
2009,2.159,35,680_1408_1111,2
2008,2.159,34,680_1408_1111,2
2007,1.27,33,680_1408_1111,2
2006,1.905,32,680_1408_1111,2
2005,3.132666667,31,680_1408_1111,2
2004,2.116666667,30,680_1408_1111,2
2003,2.032,29,680_1408_1111,2
2002,3.598333333,28,680_1408_1111,2
2001,2.751666667,27,680_1408_1111,2
2000,2.54,26,680_1408_1111,2
1999,1.735666667,25,680_1408_1111,2
1998,1.693333333,24,680_1408_1111,2
1997,2.032,23,680_1408_1111,2
1996,2.074333333,22,680_1408_1111,2
1995,1.905,21,680_1408_1111,2
1994,1.651,20,680_1408_1111,2
1993,2.243666667,19,680_1408_1111,2
1992,4.360333333,18,680_1408_1111,2
1991,3.175,17,680_1408_1111,2
1990,1.735666667,16,680_1408_1111,2
1989,2.159,15,680_1408_1111,2
1988,3.937,14,680_1408_1111,2
1987,4.783666667,13,680_1408_1111,2
1986,4.953,12,680_1408_1111,2
1985,2.794,11,680_1408_1111,2
1984,5.842,10,680_1408_1111,2
1983,4.529666667,9,680_1408_1111,2
1982,7.239,8,680_1408_1111,2
1981,5.08,7,680_1408_1111,2
1980,7.831666667,6,680_1408_1111,2
1979,7.747,5,680_1408_1111,2
1978,5.545666667,4,680_1408_1111,2
1977,6.138333333,3,680_1408_1111,2
1976,4.148666667,2,680_1408_1111,2
1975,5.630333333,1,680_1408_1111,2
2023,0.465666667,37,1372_2397_1111,2
2022,0.465666667,36,1372_2397_1111,2
2021,0.465666667,35,1372_2397_1111,2
2020,0.465666667,34,1372_2397_1111,2
2019,0.423333333,33,1372_2397_1111,2
2018,0.423333333,32,1372_2397_1111,2
2017,0.465666667,31,1372_2397_1111,2
2016,0.423333333,30,1372_2397_1111,2
2015,0.465666667,29,1372_2397_1111,2
2014,0.592666667,28,1372_2397_1111,2
2013,0.677333333,27,1372_2397_1111,2
2012,0.550333333,26,1372_2397_1111,2
2011,0.592666667,25,1372_2397_1111,2
2010,0.635,24,1372_2397_1111,2
2009,0.762,23,1372_2397_1111,2
2008,0.889,22,1372_2397_1111,2
2007,1.354666667,21,1372_2397_1111,2
2006,0.973666667,20,1372_2397_1111,2
2005,1.227666667,19,1372_2397_1111,2
2004,1.481666667,18,1372_2397_1111,2
2003,2.159,17,1372_2397_1111,2
2002,3.725333333,16,1372_2397_1111,2
2001,4.021666667,15,1372_2397_1111,2
2000,2.624666667,14,1372_2397_1111,2
1999,7.112,13,1372_2397_1111,2
1998,5.249333333,12,1372_2397_1111,2
1997,8.763,11,1372_2397_1111,2
1996,5.630333333,10,1372_2397_1111,2
1995,7.577666667,9,1372_2397_1111,2
1994,6.434666667,8,1372_2397_1111,2
1993,2.032,7,1372_2397_1111,2
1992,4.148666667,6,1372_2397_1111,2
1991,2.201333333,5,1372_2397_1111,2
1990,3.683,4,1372_2397_1111,2
1989,3.556,3,1372_2397_1111,2
1988,3.894666667,2,1372_2397_1111,2
1987,3.048,1,1372_2397_1111,2
2023,1.481666667,49,1681_2807_1111,2
2022,1.016,48,1681_2807_1111,2
2021,1.227666667,47,1681_2807_1111,2
2020,1.227666667,46,1681_2807_1111,2
2019,1.778,45,1681_2807_1111,2
2018,1.608666667,44,1681_2807_1111,2
2017,1.439333333,43,1681_2807_1111,2
2016,1.354666667,42,1681_2807_1111,2
2015,1.312333333,41,1681_2807_1111,2
2014,1.100666667,40,1681_2807_1111,2
2013,1.27,39,1681_2807_1111,2
2012,1.651,38,1681_2807_1111,2
2011,1.100666667,37,1681_2807_1111,2
2010,0.804333333,36,1681_2807_1111,2
2009,1.354666667,35,1681_2807_1111,2
2008,1.397,34,1681_2807_1111,2
2007,1.058333333,33,1681_2807_1111,2
2006,1.439333333,32,1681_2807_1111,2
2005,1.481666667,31,1681_2807_1111,2
2004,1.820333333,30,1681_2807_1111,2
2003,1.058333333,29,1681_2807_1111,2
2002,2.201333333,28,1681_2807_1111,2
2001,1.862666667,27,1681_2807_1111,2
2000,2.413,26,1681_2807_1111,2
1999,2.709333333,25,1681_2807_1111,2
1998,2.455333333,24,1681_2807_1111,2
1997,2.032,23,1681_2807_1111,2
1996,2.243666667,22,1681_2807_1111,2
1995,2.836333333,21,1681_2807_1111,2
1994,2.582333333,20,1681_2807_1111,2
1993,2.582333333,19,1681_2807_1111,2
1992,4.064,18,1681_2807_1111,2
1991,2.243666667,17,1681_2807_1111,2
1990,1.820333333,16,1681_2807_1111,2
1989,1.651,15,1681_2807_1111,2
1988,1.989666667,14,1681_2807_1111,2
1987,2.455333333,13,1681_2807_1111,2
1986,3.302,12,1681_2807_1111,2
1985,6.773333333,11,1681_2807_1111,2
1984,4.106333333,10,1681_2807_1111,2
1983,8.932333333,9,1681_2807_1111,2
1982,6.815666667,8,1681_2807_1111,2
1981,10.287,7,1681_2807_1111,2
1980,6.35,6,1681_2807_1111,2
1979,8.128,5,1681_2807_1111,2
1978,8.043333333,4,1681_2807_1111,2
1977,3.767666667,3,1681_2807_1111,2
1976,4.318,2,1681_2807_1111,2
1975,8.001,1,1681_2807_1111,2
2023,1.439333333,42,1704_2836_1111,2
2022,1.566333333,41,1704_2836_1111,2
2021,2.201333333,40,1704_2836_1111,2
2020,1.735666667,39,1704_2836_1111,2
2019,2.286,38,1704_2836_1111,2
2018,3.132666667,37,1704_2836_1111,2
2017,3.471333333,36,1704_2836_1111,2
2016,3.386666667,35,1704_2836_1111,2
2015,4.699,34,1704_2836_1111,2
2014,3.640666667,33,1704_2836_1111,2
2013,2.751666667,32,1704_2836_1111,2
2012,3.259666667,31,1704_2836_1111,2
2011,2.201333333,30,1704_2836_1111,2
2010,2.413,29,1704_2836_1111,2
2009,2.836333333,28,1704_2836_1111,2
2008,2.836333333,27,1704_2836_1111,2
2007,1.947333333,26,1704_2836_1111,2
2006,1.608666667,25,1704_2836_1111,2
2005,2.878666667,24,1704_2836_1111,2
2004,3.259666667,23,1704_2836_1111,2
2003,3.556,22,1704_2836_1111,2
2002,2.370666667,21,1704_2836_1111,2
2001,2.667,20,1704_2836_1111,2
2000,2.159,19,1704_2836_1111,2
1999,1.651,18,1704_2836_1111,2
1998,1.989666667,17,1704_2836_1111,2
1997,1.693333333,16,1704_2836_1111,2
1996,1.778,15,1704_2836_1111,2
1995,1.989666667,14,1704_2836_1111,2
1994,1.862666667,13,1704_2836_1111,2
1993,3.429,12,1704_2836_1111,2
1992,2.836333333,11,1704_2836_1111,2
1991,3.132666667,10,1704_2836_1111,2
1990,2.159,9,1704_2836_1111,2
1989,2.455333333,8,1704_2836_1111,2
1988,3.556,7,1704_2836_1111,2
1987,4.021666667,6,1704_2836_1111,2
1986,5.969,5,1704_2836_1111,2
1985,5.122333333,4,1704_2836_1111,2
1984,7.662333333,3,1704_2836_1111,2
1983,7.662333333,2,1704_2836_1111,2
1982,4.402666667,1,1704_2836_1111,2
2023,0.550333333,47,1702_2834_1111,2
2022,0.508,46,1702_2834_1111,2
2021,0.550333333,45,1702_2834_1111,2
2020,0.423333333,44,1702_2834_1111,2
2019,0.381,43,1702_2834_1111,2
2018,0.465666667,42,1702_2834_1111,2
2017,0.423333333,41,1702_2834_1111,2
2016,0.465666667,40,1702_2834_1111,2
2015,0.508,39,1702_2834_1111,2
2014,0.550333333,38,1702_2834_1111,2
2013,0.338666667,37,1702_2834_1111,2
2012,0.465666667,36,1702_2834_1111,2
2011,1.058333333,35,1702_2834_1111,2
2010,0.465666667,34,1702_2834_1111,2
2009,0.846666667,33,1702_2834_1111,2
2008,0.635,32,1702_2834_1111,2
2007,1.185333333,31,1702_2834_1111,2
2006,1.27,30,1702_2834_1111,2
2005,1.016,29,1702_2834_1111,2
2004,1.397,28,1702_2834_1111,2
2003,1.016,27,1702_2834_1111,2
2002,0.719666667,26,1702_2834_1111,2
2001,0.592666667,25,1702_2834_1111,2
2000,0.931333333,24,1702_2834_1111,2
1999,0.762,23,1702_2834_1111,2
1998,0.635,22,1702_2834_1111,2
1997,0.931333333,21,1702_2834_1111,2
1996,1.439333333,20,1702_2834_1111,2
1995,0.762,19,1702_2834_1111,2
1994,1.016,18,1702_2834_1111,2
1993,1.016,17,1702_2834_1111,2
1992,1.524,16,1702_2834_1111,2
1991,2.074333333,15,1702_2834_1111,2
1990,2.286,14,1702_2834_1111,2
1989,2.751666667,13,1702_2834_1111,2
1988,2.413,12,1702_2834_1111,2
1987,2.243666667,11,1702_2834_1111,2
1986,3.048,10,1702_2834_1111,2
1985,3.090333333,9,1702_2834_1111,2
1984,3.556,8,1702_2834_1111,2
1983,4.826,7,1702_2834_1111,2
1982,4.529666667,6,1702_2834_1111,2
1981,4.529666667,5,1702_2834_1111,2
1980,4.487333333,4,1702_2834_1111,2
1979,6.265333333,3,1702_2834_1111,2
1978,6.561666667,2,1702_2834_1111,2
1977,8.339666667,1,1702_2834_1111,2
2023,0.550333333,43,1541_2606_1111,2
2022,0.465666667,42,1541_2606_1111,2
2021,0.550333333,41,1541_2606_1111,2
2020,0.508,40,1541_2606_1111,2
2019,0.677333333,39,1541_2606_1111,2
2018,0.550333333,38,1541_2606_1111,2
2017,0.592666667,37,1541_2606_1111,2
2016,0.508,36,1541_2606_1111,2
2015,0.719666667,35,1541_2606_1111,2
2014,0.846666667,34,1541_2606_1111,2
2013,0.804333333,33,1541_2606_1111,2
2012,1.058333333,32,1541_2606_1111,2
2011,1.27,31,1541_2606_1111,2
2010,0.931333333,30,1541_2606_1111,2
2009,0.846666667,29,1541_2606_1111,2
2008,1.397,28,1541_2606_1111,2
2007,1.27,27,1541_2606_1111,2
2006,2.032,26,1541_2606_1111,2
2005,1.481666667,25,1541_2606_1111,2
2004,1.397,24,1541_2606_1111,2
2003,1.354666667,23,1541_2606_1111,2
2002,1.820333333,22,1541_2606_1111,2
2001,1.820333333,21,1541_2606_1111,2
2000,1.778,20,1541_2606_1111,2
1999,2.159,19,1541_2606_1111,2
1998,3.640666667,18,1541_2606_1111,2
1997,2.370666667,17,1541_2606_1111,2
1996,1.778,16,1541_2606_1111,2
1995,1.947333333,15,1541_2606_1111,2
1994,1.735666667,14,1541_2606_1111,2
1993,1.989666667,13,1541_2606_1111,2
1992,1.905,12,1541_2606_1111,2
1991,2.116666667,11,1541_2606_1111,2
1990,1.862666667,10,1541_2606_1111,2
1989,3.725333333,9,1541_2606_1111,2
1988,2.921,8,1541_2606_1111,2
1987,4.021666667,7,1541_2606_1111,2
1986,3.344333333,6,1541_2606_1111,2
1985,4.614333333,5,1541_2606_1111,2
1984,2.413,4,1541_2606_1111,2
1983,1.989666667,3,1541_2606_1111,2
1982,1.905,2,1541_2606_1111,2
1981,2.963333333,1,1541_2606_1111,2
2023,1.143,40,1543_5650_1111,2
2022,1.397,39,1543_5650_1111,2
2021,1.778,38,1543_5650_1111,2
2020,1.693333333,37,1543_5650_1111,2
2019,1.820333333,36,1543_5650_1111,2
2018,1.397,35,1543_5650_1111,2
2017,1.778,34,1543_5650_1111,2
2016,1.566333333,33,1543_5650_1111,2
2015,1.397,32,1543_5650_1111,2
2014,1.693333333,31,1543_5650_1111,2
2013,1.608666667,30,1543_5650_1111,2
2012,1.989666667,29,1543_5650_1111,2
2011,1.312333333,28,1543_5650_1111,2
2010,1.397,27,1543_5650_1111,2
2009,2.794,26,1543_5650_1111,2
2008,2.497666667,25,1543_5650_1111,2
2007,2.497666667,24,1543_5650_1111,2
2006,2.667,23,1543_5650_1111,2
2005,2.624666667,22,1543_5650_1111,2
2004,2.582333333,21,1543_5650_1111,2
2003,2.116666667,20,1543_5650_1111,2
2002,2.159,19,1543_5650_1111,2
2001,2.413,18,1543_5650_1111,2
2000,3.217333333,17,1543_5650_1111,2
1999,2.243666667,16,1543_5650_1111,2
1998,3.217333333,15,1543_5650_1111,2
1997,3.048,14,1543_5650_1111,2
1996,1.354666667,13,1543_5650_1111,2
1995,1.143,12,1543_5650_1111,2
1994,1.947333333,11,1543_5650_1111,2
1993,2.201333333,10,1543_5650_1111,2
1992,2.497666667,9,1543_5650_1111,2
1991,3.640666667,8,1543_5650_1111,2
1990,1.481666667,7,1543_5650_1111,2
1989,2.116666667,6,1543_5650_1111,2
1988,1.524,5,1543_5650_1111,2
1987,3.471333333,4,1543_5650_1111,2
1986,4.402666667,3,1543_5650_1111,2
1985,7.62,2,1543_5650_1111,2
1984,8.551333333,1,1543_5650_1111,2
2023,1.27,50,1680_5630_1111,2
2022,1.820333333,49,1680_5630_1111,2
2021,1.439333333,48,1680_5630_1111,2
2020,1.778,47,1680_5630_1111,2
2019,1.481666667,46,1680_5630_1111,2
2018,2.878666667,45,1680_5630_1111,2
2017,2.582333333,44,1680_5630_1111,2
2016,1.989666667,43,1680_5630_1111,2
2015,2.201333333,42,1680_5630_1111,2
2014,1.989666667,41,1680_5630_1111,2
2013,2.243666667,40,1680_5630_1111,2
2012,2.074333333,39,1680_5630_1111,2
2011,2.032,38,1680_5630_1111,2
2010,1.354666667,37,1680_5630_1111,2
2009,1.947333333,36,1680_5630_1111,2
2008,1.312333333,35,1680_5630_1111,2
2007,1.143,34,1680_5630_1111,2
2006,1.566333333,33,1680_5630_1111,2
2005,1.735666667,32,1680_5630_1111,2
2004,2.159,31,1680_5630_1111,2
2003,3.81,30,1680_5630_1111,2
2002,1.693333333,29,1680_5630_1111,2
2001,1.354666667,28,1680_5630_1111,2
2000,0.846666667,27,1680_5630_1111,2
1999,1.354666667,26,1680_5630_1111,2
1998,1.820333333,25,1680_5630_1111,2
1997,2.074333333,24,1680_5630_1111,2
1996,2.624666667,23,1680_5630_1111,2
1995,2.878666667,22,1680_5630_1111,2
1994,2.582333333,21,1680_5630_1111,2
1993,3.725333333,20,1680_5630_1111,2
1992,1.905,19,1680_5630_1111,2
1991,1.735666667,18,1680_5630_1111,2
1990,2.667,17,1680_5630_1111,2
1989,1.862666667,16,1680_5630_1111,2
1988,2.032,15,1680_5630_1111,2
1987,2.243666667,14,1680_5630_1111,2
1986,2.963333333,13,1680_5630_1111,2
1985,2.370666667,12,1680_5630_1111,2
1984,3.767666667,11,1680_5630_1111,2
1983,3.725333333,10,1680_5630_1111,2
1982,4.826,9,1680_5630_1111,2
1981,3.005666667,8,1680_5630_1111,2
1980,4.487333333,7,1680_5630_1111,2
1979,4.487333333,6,1680_5630_1111,2
1978,3.132666667,5,1680_5630_1111,2
1977,4.699,4,1680_5630_1111,2
1976,5.164666667,3,1680_5630_1111,2
1975,6.942666667,2,1680_5630_1111,2
1974,8.339666667,1,1680_5630_1111,2
2023,0.550333333,37,662_1387_1111,3
2022,0.719666667,36,662_1387_1111,3
2021,0.804333333,35,662_1387_1111,3
2020,0.635,34,662_1387_1111,3
2019,0.635,33,662_1387_1111,3
2018,0.592666667,32,662_1387_1111,3
2017,0.635,31,662_1387_1111,3
2016,0.592666667,30,662_1387_1111,3
2015,0.508,29,662_1387_1111,3
2014,0.762,28,662_1387_1111,3
2013,0.804333333,27,662_1387_1111,3
2012,0.889,26,662_1387_1111,3
2011,1.100666667,25,662_1387_1111,3
2010,1.27,24,662_1387_1111,3
2009,1.27,23,662_1387_1111,3
2008,1.862666667,22,662_1387_1111,3
2007,1.185333333,21,662_1387_1111,3
2006,1.566333333,20,662_1387_1111,3
2005,2.286,19,662_1387_1111,3
2004,1.735666667,18,662_1387_1111,3
2003,1.481666667,17,662_1387_1111,3
2002,1.100666667,16,662_1387_1111,3
2001,2.116666667,15,662_1387_1111,3
2000,3.429,14,662_1387_1111,3
1999,3.598333333,13,662_1387_1111,3
1998,4.360333333,12,662_1387_1111,3
1997,3.175,11,662_1387_1111,3
1996,7.323666667,10,662_1387_1111,3
1995,7.408333333,9,662_1387_1111,3
1994,16.80633333,8,662_1387_1111,3
1993,17.73766667,7,662_1387_1111,3
1992,9.355666667,6,662_1387_1111,3
1991,6.307666667,5,662_1387_1111,3
1990,6.011333333,4,662_1387_1111,3
1989,5.376333333,3,662_1387_1111,3
1988,7.704666667,2,662_1387_1111,3
1987,8.763,1,662_1387_1111,3
2023,0.423333333,31,83_106_1111,3
2022,0.550333333,30,83_106_1111,3
2021,0.508,29,83_106_1111,3
2020,0.635,28,83_106_1111,3
2019,0.550333333,27,83_106_1111,3
2018,0.592666667,26,83_106_1111,3
2017,0.804333333,25,83_106_1111,3
2016,0.931333333,24,83_106_1111,3
2015,1.100666667,23,83_106_1111,3
2014,1.862666667,22,83_106_1111,3
2013,2.159,21,83_106_1111,3
2012,4.826,20,83_106_1111,3
2011,3.090333333,19,83_106_1111,3
2010,1.947333333,18,83_106_1111,3
2009,3.471333333,17,83_106_1111,3
2008,3.725333333,16,83_106_1111,3
2007,3.429,15,83_106_1111,3
2006,3.767666667,14,83_106_1111,3
2005,3.640666667,13,83_106_1111,3
2004,2.582333333,12,83_106_1111,3
2003,7.662333333,11,83_106_1111,3
2002,5.969,10,83_106_1111,3
2001,8.382,9,83_106_1111,3
2000,5.249333333,8,83_106_1111,3
1999,9.144,7,83_106_1111,3
1998,7.535333333,6,83_106_1111,3
1997,4.021666667,5,83_106_1111,3
1996,5.122333333,4,83_106_1111,3
1995,6.519333333,3,83_106_1111,3
1994,5.503333333,2,83_106_1111,3
1993,4.699,1,83_106_1111,3
2023,0.423333333,49,81_104_1111,3
2022,0.550333333,48,81_104_1111,3
2021,0.550333333,47,81_104_1111,3
2020,0.423333333,46,81_104_1111,3
2019,0.508,45,81_104_1111,3
2018,0.508,44,81_104_1111,3
2017,0.508,43,81_104_1111,3
2016,0.550333333,42,81_104_1111,3
2015,0.592666667,41,81_104_1111,3
2014,0.550333333,40,81_104_1111,3
2013,0.465666667,39,81_104_1111,3
2012,0.423333333,38,81_104_1111,3
2011,1.227666667,37,81_104_1111,3
2010,0.465666667,36,81_104_1111,3
2009,0.338666667,35,81_104_1111,3
2008,0.465666667,34,81_104_1111,3
2007,0.762,33,81_104_1111,3
2006,0.804333333,32,81_104_1111,3
2005,0.846666667,31,81_104_1111,3
2004,0.846666667,30,81_104_1111,3
2003,1.143,29,81_104_1111,3
2002,0.973666667,28,81_104_1111,3
2001,1.227666667,27,81_104_1111,3
2000,1.185333333,26,81_104_1111,3
1999,0.973666667,25,81_104_1111,3
1998,1.439333333,24,81_104_1111,3
1997,1.608666667,23,81_104_1111,3
1996,1.778,22,81_104_1111,3
1995,1.735666667,21,81_104_1111,3
1994,1.143,20,81_104_1111,3
1993,1.27,19,81_104_1111,3
1992,1.862666667,18,81_104_1111,3
1991,2.243666667,17,81_104_1111,3
1990,2.328333333,16,81_104_1111,3
1989,4.106333333,15,81_104_1111,3
1988,3.302,14,81_104_1111,3
1987,3.386666667,13,81_104_1111,3
1986,3.556,12,81_104_1111,3
1985,3.725333333,11,81_104_1111,3
1984,4.487333333,10,81_104_1111,3
1983,5.969,9,81_104_1111,3
1982,6.646333333,8,81_104_1111,3
1981,6.180666667,7,81_104_1111,3
1980,8.593666667,6,81_104_1111,3
1979,13.335,5,81_104_1111,3
1978,12.065,4,81_104_1111,3
1977,13.41966667,3,81_104_1111,3
1976,9.355666667,2,81_104_1111,3
1975,10.75266667,1,81_104_1111,3
2023,2.116666667,50,98_127_1111,3
2022,1.143,49,98_127_1111,3
2021,1.481666667,48,98_127_1111,3
2020,0.846666667,47,98_127_1111,3
2019,1.227666667,46,98_127_1111,3
2018,2.709333333,45,98_127_1111,3
2017,1.947333333,44,98_127_1111,3
2016,1.481666667,43,98_127_1111,3
2015,1.905,42,98_127_1111,3
2014,1.735666667,41,98_127_1111,3
2013,1.947333333,40,98_127_1111,3
2012,2.328333333,39,98_127_1111,3
2011,1.989666667,38,98_127_1111,3
2010,1.905,37,98_127_1111,3
2009,0.804333333,36,98_127_1111,3
2008,1.608666667,35,98_127_1111,3
2007,1.778,34,98_127_1111,3
2006,1.312333333,33,98_127_1111,3
2005,1.058333333,32,98_127_1111,3
2004,1.227666667,31,98_127_1111,3
2003,1.608666667,30,98_127_1111,3
2002,1.989666667,29,98_127_1111,3
2001,3.344333333,28,98_127_1111,3
2000,2.836333333,27,98_127_1111,3
1999,2.201333333,26,98_127_1111,3
1998,2.286,25,98_127_1111,3
1997,1.227666667,24,98_127_1111,3
1996,1.524,23,98_127_1111,3
1995,1.016,22,98_127_1111,3
1994,0.804333333,21,98_127_1111,3
1993,0.508,20,98_127_1111,3
1992,0.889,19,98_127_1111,3
1991,0.889,18,98_127_1111,3
1990,0.804333333,17,98_127_1111,3
1989,0.762,16,98_127_1111,3
1988,0.846666667,15,98_127_1111,3
1987,0.846666667,14,98_127_1111,3
1986,1.016,13,98_127_1111,3
1985,0.846666667,12,98_127_1111,3
1984,1.862666667,11,98_127_1111,3
1983,2.582333333,10,98_127_1111,3
1982,4.402666667,9,98_127_1111,3
1981,7.789333333,8,98_127_1111,3
1980,8.170333333,7,98_127_1111,3
1979,8.128,6,98_127_1111,3
1978,5.291666667,5,98_127_1111,3
1977,6.858,4,98_127_1111,3
1976,6.223,3,98_127_1111,3
1975,8.170333333,2,98_127_1111,3
1974,7.874,1,98_127_1111,3
2023,1.016,48,96_125_1111,3
2022,1.185333333,47,96_125_1111,3
2021,0.762,46,96_125_1111,3
2020,0.762,45,96_125_1111,3
2019,0.677333333,44,96_125_1111,3
2018,0.719666667,43,96_125_1111,3
2017,0.465666667,42,96_125_1111,3
2016,0.465666667,41,96_125_1111,3
2015,0.550333333,40,96_125_1111,3
2014,0.592666667,39,96_125_1111,3
2013,0.846666667,38,96_125_1111,3
2012,1.100666667,37,96_125_1111,3
2011,1.016,36,96_125_1111,3
2010,1.016,35,96_125_1111,3
2009,1.227666667,34,96_125_1111,3
2008,0.804333333,33,96_125_1111,3
2007,1.185333333,32,96_125_1111,3
2006,0.762,31,96_125_1111,3
2005,0.889,30,96_125_1111,3
2004,0.931333333,29,96_125_1111,3
2003,0.931333333,28,96_125_1111,3
2002,1.185333333,27,96_125_1111,3
2001,2.413,26,96_125_1111,3
2000,2.116666667,25,96_125_1111,3
1999,2.667,24,96_125_1111,3
1998,1.989666667,23,96_125_1111,3
1997,2.074333333,22,96_125_1111,3
1996,1.566333333,21,96_125_1111,3
1995,2.370666667,20,96_125_1111,3
1994,2.497666667,19,96_125_1111,3
1993,3.302,18,96_125_1111,3
1992,2.794,17,96_125_1111,3
1991,5.334,16,96_125_1111,3
1990,2.667,15,96_125_1111,3
1989,2.878666667,14,96_125_1111,3
1988,3.132666667,13,96_125_1111,3
1987,2.074333333,12,96_125_1111,3
1986,1.947333333,11,96_125_1111,3
1985,2.709333333,10,96_125_1111,3
1984,2.667,9,96_125_1111,3
1983,2.54,8,96_125_1111,3
1982,4.445,7,96_125_1111,3
1981,3.683,6,96_125_1111,3
1980,7.281333333,5,96_125_1111,3
1979,8.212666667,4,96_125_1111,3
1978,9.355666667,3,96_125_1111,3
1977,8.001,2,96_125_1111,3
1976,6.561666667,1,96_125_1111,3
2023,0.889,42,2866_122_1111,3
2022,0.635,41,2866_122_1111,3
2021,0.719666667,40,2866_122_1111,3
2020,0.677333333,39,2866_122_1111,3
2019,1.227666667,38,2866_122_1111,3
2018,1.778,37,2866_122_1111,3
2017,2.370666667,36,2866_122_1111,3
2016,2.751666667,35,2866_122_1111,3
2015,2.836333333,34,2866_122_1111,3
2014,3.386666667,33,2866_122_1111,3
2013,2.836333333,32,2866_122_1111,3
2012,3.090333333,31,2866_122_1111,3
2011,3.132666667,30,2866_122_1111,3
2010,3.090333333,29,2866_122_1111,3
2009,2.709333333,28,2866_122_1111,3
2008,2.667,27,2866_122_1111,3
2007,2.116666667,26,2866_122_1111,3
2006,2.497666667,25,2866_122_1111,3
2005,2.794,24,2866_122_1111,3
2004,1.397,23,2866_122_1111,3
2003,1.693333333,22,2866_122_1111,3
2002,3.132666667,21,2866_122_1111,3
2001,4.572,20,2866_122_1111,3
2000,4.826,19,2866_122_1111,3
1999,5.164666667,18,2866_122_1111,3
1998,3.725333333,17,2866_122_1111,3
1997,3.005666667,16,2866_122_1111,3
1996,2.836333333,15,2866_122_1111,3
1995,2.709333333,14,2866_122_1111,3
1994,3.344333333,13,2866_122_1111,3
1993,3.767666667,12,2866_122_1111,3
1992,4.487333333,11,2866_122_1111,3
1991,3.894666667,10,2866_122_1111,3
1990,3.302,9,2866_122_1111,3
1989,4.106333333,8,2866_122_1111,3
1988,4.318,7,2866_122_1111,3
1987,6.519333333,6,2866_122_1111,3
1986,5.969,5,2866_122_1111,3
1985,7.408333333,4,2866_122_1111,3
1984,5.418666667,3,2866_122_1111,3
1983,8.678333333,2,2866_122_1111,3
1982,6.815666667,1,2866_122_1111,3
2023,0.592666667,30,67_82_1111,3
2022,0.508,29,67_82_1111,3
2021,0.550333333,28,67_82_1111,3
2020,0.465666667,27,67_82_1111,3
2019,0.465666667,26,67_82_1111,3
2018,0.592666667,25,67_82_1111,3
2017,0.719666667,24,67_82_1111,3
2016,0.635,23,67_82_1111,3
2015,0.592666667,22,67_82_1111,3
2014,0.719666667,21,67_82_1111,3
2013,0.846666667,20,67_82_1111,3
2012,1.100666667,19,67_82_1111,3
2011,1.016,18,67_82_1111,3
2010,1.227666667,17,67_82_1111,3
2009,1.143,16,67_82_1111,3
2008,1.439333333,15,67_82_1111,3
2007,1.185333333,14,67_82_1111,3
2006,1.651,13,67_82_1111,3
2005,1.185333333,12,67_82_1111,3
2004,1.016,11,67_82_1111,3
2003,1.143,10,67_82_1111,3
2002,1.185333333,9,67_82_1111,3
2001,1.608666667,8,67_82_1111,3
2000,1.227666667,7,67_82_1111,3
1999,1.397,6,67_82_1111,3
1998,3.175,5,67_82_1111,3
1997,2.370666667,4,67_82_1111,3
1996,3.175,3,67_82_1111,3
1995,5.334,2,67_82_1111,3
1994,4.148666667,1,67_82_1111,3
2023,0.550333333,34,68_84_1111,3
2022,0.381,33,68_84_1111,3
2021,0.931333333,32,68_84_1111,3
2020,0.423333333,31,68_84_1111,3
2019,0.508,30,68_84_1111,3
2018,0.592666667,29,68_84_1111,3
2017,0.592666667,28,68_84_1111,3
2016,0.719666667,27,68_84_1111,3
2015,0.762,26,68_84_1111,3
2014,0.762,25,68_84_1111,3
2013,0.846666667,24,68_84_1111,3
2012,0.677333333,23,68_84_1111,3
2011,0.635,22,68_84_1111,3
2010,1.100666667,21,68_84_1111,3
2009,0.931333333,20,68_84_1111,3
2008,0.846666667,19,68_84_1111,3
2007,0.931333333,18,68_84_1111,3
2006,0.931333333,17,68_84_1111,3
2005,1.016,16,68_84_1111,3
2004,1.354666667,15,68_84_1111,3
2003,2.54,14,68_84_1111,3
2002,1.481666667,13,68_84_1111,3
2001,1.566333333,12,68_84_1111,3
2000,1.227666667,11,68_84_1111,3
1999,1.778,10,68_84_1111,3
1998,1.778,9,68_84_1111,3
1997,1.608666667,8,68_84_1111,3
1996,1.735666667,7,68_84_1111,3
1995,1.608666667,6,68_84_1111,3
1994,4.275666667,5,68_84_1111,3
1993,5.672666667,4,68_84_1111,3
1992,7.916333333,3,68_84_1111,3
1991,6.858,2,68_84_1111,3
1990,6.519333333,1,68_84_1111,3
2023,0.381,33,626_1340_1111,3
2022,0.423333333,32,626_1340_1111,3
2021,0.592666667,31,626_1340_1111,3
2020,0.592666667,30,626_1340_1111,3
2019,0.677333333,29,626_1340_1111,3
2018,0.592666667,28,626_1340_1111,3
2017,0.635,27,626_1340_1111,3
2016,0.592666667,26,626_1340_1111,3
2015,0.677333333,25,626_1340_1111,3
2014,0.550333333,24,626_1340_1111,3
2013,0.719666667,23,626_1340_1111,3
2012,0.846666667,22,626_1340_1111,3
2011,1.481666667,21,626_1340_1111,3
2010,1.439333333,20,626_1340_1111,3
2009,1.227666667,19,626_1340_1111,3
2008,2.074333333,18,626_1340_1111,3
2007,1.947333333,17,626_1340_1111,3
2006,1.608666667,16,626_1340_1111,3
2005,2.286,15,626_1340_1111,3
2004,2.497666667,14,626_1340_1111,3
2003,1.862666667,13,626_1340_1111,3
2002,1.862666667,12,626_1340_1111,3
2001,2.159,11,626_1340_1111,3
2000,2.286,10,626_1340_1111,3
1999,2.836333333,9,626_1340_1111,3
1998,3.132666667,8,626_1340_1111,3
1997,3.683,7,626_1340_1111,3
1996,2.921,6,626_1340_1111,3
1995,4.572,5,626_1340_1111,3
1994,5.842,4,626_1340_1111,3
1993,4.021666667,3,626_1340_1111,3
1992,2.709333333,2,626_1340_1111,3
1991,3.217333333,1,626_1340_1111,3
2023,2.582333333,41,629_1344_1111,3
2022,3.556,40,629_1344_1111,3
2021,4.106333333,39,629_1344_1111,3
2020,3.937,38,629_1344_1111,3
2019,3.640666667,37,629_1344_1111,3
2018,3.979333333,36,629_1344_1111,3
2017,3.937,35,629_1344_1111,3
2016,3.81,34,629_1344_1111,3
2015,3.852333333,33,629_1344_1111,3
2014,3.471333333,32,629_1344_1111,3
2013,4.233333333,31,629_1344_1111,3
2012,4.360333333,30,629_1344_1111,3
2011,2.963333333,29,629_1344_1111,3
2010,2.497666667,28,629_1344_1111,3
2009,2.667,27,629_1344_1111,3
2008,3.090333333,26,629_1344_1111,3
2007,3.005666667,25,629_1344_1111,3
2006,3.894666667,24,629_1344_1111,3
2005,3.513666667,23,629_1344_1111,3
2004,5.503333333,22,629_1344_1111,3
2003,5.122333333,21,629_1344_1111,3
2002,6.096,20,629_1344_1111,3
2001,4.106333333,19,629_1344_1111,3
2000,3.725333333,18,629_1344_1111,3
1999,3.852333333,17,629_1344_1111,3
1998,3.005666667,16,629_1344_1111,3
1997,2.751666667,15,629_1344_1111,3
1996,2.921,14,629_1344_1111,3
1995,3.429,13,629_1344_1111,3
1994,3.429,12,629_1344_1111,3
1993,4.741333333,11,629_1344_1111,3
1992,3.640666667,10,629_1344_1111,3
1991,4.148666667,9,629_1344_1111,3
1990,4.487333333,8,629_1344_1111,3
1989,5.249333333,7,629_1344_1111,3
1988,5.461,6,629_1344_1111,3
1987,6.096,5,629_1344_1111,3
1986,6.265333333,4,629_1344_1111,3
1985,6.35,3,629_1344_1111,3
1984,6.942666667,2,629_1344_1111,3
1983,7.62,1,629_1344_1111,3
