record,Year,Month,AirTempMax_oC,AirTempMin_oC,SoilTemp_2in_oC,SoilTemp_4in_oC,TotalMonthRain_mm
1,1987,Jan,3.170967742,-2.003225806,2.080645161,2.306451613,26.4
2,1987,Feb,6.871428571,0.55,3.128571429,3.239285714,34.6
3,1987,Mar,8.132258065,1.009677419,4.374193548,4.435483871,57.9
4,1987,Apr,14.92666667,5.58,9.646666667,9.326666667,48.5
5,1987,May,15.60645161,5.948387097,12.70322581,12.35806452,55.1
6,1987,Jun,17.73666667,9.776666667,16.12,15.68666667,86
7,1987,Jul,20.90967742,11.67741935,18.43225806,18.00645161,47.3
8,1987,Aug,21.11290323,11.0516129,17.44516129,17.30322581,53.3
9,1987,Sep,18.66666667,10.26333333,15.39,15.65,57
10,1987,Oct,14.37096774,6.209677419,10.65483871,11.07419355,186.8
11,1987,Nov,9.256666667,3.926666667,7.61,7.9,51.8
12,1987,Dec,8.103225806,3.490322581,5.84516129,6.006451613,19.6
13,1988,Jan,8.209677419,3.016129032,5.667741935,6.003225806,103.1
14,1988,Feb,8.248275862,1.455172414,3.920689655,4.34137931,45.4
15,1988,Mar,9.812903226,3.906451613,6.322580645,6.270967742,60.9
16,1988,Apr,12.80333333,3.593333333,9.22,9.176666667,25.9
17,1988,May,17.31935484,7.506451613,13.99032258,13.63225806,45.3
18,1988,Jun,18.71666667,10.05333333,16.82666667,16.21,33.7
19,1988,Jul,18.91290323,11.55806452,17.00967742,16.73870968,98.9
20,1988,Aug,20.37096774,11.09354839,17.07419355,16.89354839,42
21,1988,Sep,17.73333333,9.48,14.77,14.84,58.3
22,1988,Oct,14.44193548,6.877419355,11.33225806,11.70967742,67.6
23,1988,Nov,8.91,0.676666667,5.62,6.16,16.3
24,1988,Dec,9.916129032,4.941935484,6.719354839,6.932258065,12.5
25,1989,Jan,8.841935484,2.729032258,5.596774194,5.9,30.1
26,1989,Feb,9.482142857,2.214285714,5.103571429,5.214285714,54.5
27,1989,Mar,11.91935484,4.290322581,6.861290323,6.983870968,72.5
28,1989,Apr,11.09333333,3.13,8.4,8.373333333,74.4
29,1989,May,20.40322581,7.690322581,15.0483871,14.46451613,20.6
30,1989,Jun,21.23666667,9.076666667,16.94666667,16.33333333,25.8
31,1989,Jul,25.09354839,12.85806452,19.3483871,18.71612903,57.5
32,1989,Aug,23.02580645,11.16129032,17.53548387,17.40967742,51.8
33,1989,Sep,20.13333333,10.63,15.68,15.88,22.7
34,1989,Oct,15.80967742,8.34516129,12.1483871,12.76451613,81.8
35,1989,Nov,10.29,2.486666667,7.216666667,8.016666667,17.4
36,1989,Dec,8.7,3.280645161,5.864516129,6.080645161,133.5
37,1990,Jan,9.44516129,3.967741935,6.012903226,6.216129032,83.6
38,1990,Feb,11.02857143,5.042857143,6.375,6.446428571,111
39,1990,Mar,12.48709677,4.438709677,7.287096774,7.396774194,9.1
40,1990,Apr,13.8,2.65,8.52,8.666666667,27
41,1990,May,20.16129032,6.406451613,13.21612903,13.22580645,6.2
42,1990,Jun,18.51666667,9.49,14.74,14.54,40.6
43,1990,Jul,24.02580645,11.2516129,17.11612903,17.12903226,11.8
44,1990,Aug,25.32580645,12.63548387,18.12258065,17.67419355,27.5
45,1990,Sep,18.96,8.266666667,14.05333333,14.32666667,15.9
46,1990,Oct,16.03548387,8.703225806,11.16774194,11.83870968,60.5
47,1990,Nov,10.21333333,4.246666667,6.85,7.68,31.6
48,1990,Dec,7.080645161,2.064516129,4.138709677,4.651612903,66.7
49,1991,Jan,6.980645161,1.44516129,3.303225806,3.6,71.3
50,1991,Feb,4.817857143,-1.753571429,1.835714286,2.010714286,47
51,1991,Mar,12.02258065,4.506451613,6.812903226,6.777419355,32.2
52,1991,Apr,13.14333333,3.803333333,8.18,8.053333333,54.9
53,1991,May,15.58064516,6.332258065,11.31290323,10.91935484,13
54,1991,Jun,16.88,8.803333333,13.83,13.51,84
55,1991,Jul,22.64193548,13.09354839,18.16774194,17.96129032,74.4
56,1991,Aug,23.52580645,12.91612903,18.01935484,18.15806452,20.8
57,1991,Sep,21.13666667,9.226666667,14.81333333,15.44666667,44.5
58,1991,Oct,13.81290323,6.341935484,10.59032258,11.11935484,17.8
59,1991,Nov,10.38,3.593333333,7.026666667,7.396666667,63.5
60,1991,Dec,7.774193548,0.532258065,3.948387097,4.251612903,12.2
61,1992,Jan,6.964516129,0.664516129,3.774193548,4.016129032,11.6
62,1992,Feb,8.686206897,1.720689655,4.282758621,4.403448276,20.8
63,1992,Mar,11.47741935,4.590322581,6.9,6.829032258,54.4
64,1992,Apr,13.35,4.69,8.433333333,8.383333333,62.3
65,1992,May,20.45806452,8.264516129,13.90645161,13.87096774,49.7
66,1992,Jun,21.48333333,9.93,16.44,16.28333333,25.9
67,1992,Jul,21.42580645,12.76129032,17.8516129,17.80645161,73.1
68,1992,Aug,21.4,12.6,17.43225806,17.31612903,102.9
69,1992,Sep,18.04,9.93,14.23,14.46,78.5
70,1992,Oct,12.18064516,4.270967742,9.309677419,9.922580645,51.6
71,1992,Nov,11.53333333,4.613333333,7.37,7.7,92.6
72,1992,Dec,7.493548387,0.790322581,4.393548387,4.648387097,57.4
73,1993,Jan,10.11935484,3.183870968,5.335483871,5.403225806,77.7
74,1993,Feb,6.985714286,1.939285714,5.025,5.396428571,3.7
75,1993,Mar,11.20967742,1.835483871,5.570967742,5.638709677,10.4
76,1993,Apr,14.17,5.386666667,9.48,9.373333333,97.9
77,1993,May,17.79354839,8.038709677,14.05806452,13.17741935,28.6
78,1993,Jun,21.1,10.56333333,18.02,16.77666667,48.7
79,1993,Jul,21.11935484,11.77096774,19.02258065,17.42903226,56.1
80,1993,Aug,20.9516129,9.783870968,17.59677419,16.24193548,29.4
81,1993,Sep,17.25,7.68,14.42333333,13.82333333,118.1
82,1993,Oct,12.85483871,5.961290323,9.55483871,9.94516129,143.2
83,1993,Nov,8.443333333,1.71,5.633333333,6.28,38
84,1993,Dec,8.970967742,3.538709677,5.370967742,5.619354839,94.1
85,1994,Jan,8.825806452,2.596774194,4.548387097,4.667741935,107.4
86,1994,Feb,7.217857143,0.460714286,3.4,3.610714286,53.9
87,1994,Mar,11.80645161,4.870967742,7.25483871,6.977419355,33.4
88,1994,Apr,12.61666667,4.673333333,9.18,8.496666667,73.6
89,1994,May,16.23225806,6.577419355,14.27096774,13.2,91.2
90,1994,Jun,20.86,10.15333333,17.88666667,16.24,19.7
91,1994,Jul,25.51935484,13.42258065,21.39032258,19.31935484,22.8
92,1994,Aug,22.38064516,12.5,18.98709677,17.67419355,29.6
93,1994,Sep,17.13666667,9.7,14.58333333,14.44,116.1
94,1994,Oct,14.88064516,6.048387097,11.11290323,11.22580645,73.5
95,1994,Nov,13.26,8.16,10.32666667,10.49,65
96,1994,Dec,10.1516129,3.232258065,6.735483871,7.074193548,78.6
97,1995,Jan,8.309677419,1.990322581,4.406451613,4.751612903,128.1
98,1995,Feb,10.43928571,4.410714286,6.160714286,6.175,87
99,1995,Mar,10.66774194,1.135483871,5.190322581,5.306451613,54.1
100,1995,Apr,14.79666667,5.53,10.76666667,9.726666667,23.4
101,1995,May,18.53870968,6.003225806,14.64516129,12.58064516,32
102,1995,Jun,20.11333333,9.35,17.65333333,15.09666667,8.2
103,1995,Jul,25.90645161,12.88387097,21.40967742,18.68387097,21.4
104,1995,Aug,27.27096774,12.73225806,22.94193548,19.77741935,1.7
105,1995,Sep,18.36333333,9.1,15.54666667,14.78333333,96.4
106,1995,Oct,17.83548387,8.367741935,12.81935484,12.69677419,30.4
107,1995,Nov,11.52666667,3.786666667,7.21,7.973333333,39.1
108,1995,Dec,5.512903226,0.403225806,3.906451613,4.658064516,101.9
109,1996,Jan,7.019354839,1.629032258,4.625806452,4.783870968,49.4
110,1996,Feb,6.065517241,-2.051724138,2.048275862,2.586206897,59.6
111,1996,Mar,8.487096774,0.190322581,4.396774194,4.532258065,37.6
112,1996,Apr,13.99666667,2.826666667,8.876666667,8.023333333,33
113,1996,May,14.38709677,2.596774194,12.41612903,10.57741935,27.7
114,1996,Jun,21.93666667,6.763333333,17.84666667,15.82333333,8.8
115,1996,Jul,23.26451613,9.148387097,19.10322581,16.97741935,37.3
116,1996,Aug,22.24516129,9.096774194,17.37419355,16.71290323,72.5
117,1996,Sep,18.45666667,7.136666667,14.02666667,13.85,12
118,1996,Oct,15.6483871,4.951612903,10.18387097,10.8483871,49.3
119,1996,Nov,9.975862069,-0.355172414,5.444827586,6.255172414,102.7
120,1996,Dec,6.193548387,-1.551612903,3.183870968,3.567741935,17.5
121,1997,Jan,4.932258065,-1.6,0.909677419,1.174193548,14.7
122,1997,Feb,10.17857143,3.214285714,5.135714286,5.207142857,60.9
123,1997,Mar,13.37096774,4.270967742,7.751612903,7.635483871,12.2
124,1997,Apr,15.00666667,2.89,9.883333333,9.063333333,11.3
125,1997,May,18.17419355,5.632258065,14.18709677,12.56129032,28.6
126,1997,Jun,19.93,10.32666667,17.52666667,15.96,70.5
127,1997,Jul,23.1516129,11.7516129,19.38064516,17.64516129,37.9
128,1997,Aug,24.80645161,13.99677419,20.53870968,19.10645161,96.3
129,1997,Sep,20.24333333,9.256666667,15.22666667,14.68666667,15.1
130,1997,Oct,15.65483871,5.174193548,9.55483871,10.66129032,63.4
131,1997,Nov,12.14,4.14,7.103333333,7.773333333,67.9
132,1997,Dec,9.706451613,2.951612903,5.361290323,5.919354839,58.9
133,1998,Jan,8.896774194,2.003225806,4.5,4.848387097,84.7
134,1998,Feb,11.24285714,2.503571429,3.703571429,4.489285714,8.8
135,1998,Mar,11.71935484,4.058064516,7.506451613,7.309677419,48.4
136,1998,Apr,12.55333333,3.91,9.243333333,8.76,102.9
137,1998,May,19.43225806,7.606451613,15.89032258,14.51612903,25
138,1998,Jun,19.35,10.49,17.95333333,16.75333333,86.2
139,1998,Jul,20.43870968,11.48064516,18.02258065,17.58387097,29.4
140,1998,Aug,22.87741935,10.3516129,17.94193548,17.43225806,17.6
141,1998,Sep,20.00666667,11.13333333,15.71,15.90666667,88.4
142,1998,Oct,14.80645161,7.435483871,11.51935484,11.7483871,87.4
143,1998,Nov,9.656666667,2.156666667,5.963333333,6.476666667,102.9
144,1998,Dec,9.348387097,2.638709677,5.5,5.777419355,54.7
145,1999,Jan,9.361290323,2.706451613,5.241935484,5.558064516,97.2
146,1999,Feb,8.485714286,1.639285714,4.260714286,4.585714286,25.5
147,1999,Mar,11.79032258,3.061290323,6.512903226,6.6,28.3
148,1999,Apr,14.65,4.706666667,9.76,9.563333333,41.4
149,1999,May,18.9483871,8.335483871,15.08064516,14.53870968,38.1
150,1999,Jun,20.00666667,8.716666667,18.17,16.90333333,81.8
151,1999,Jul,24.27419355,12.26129032,20.65483871,19.13225806,22.7
152,1999,Aug,22.71612903,10.69677419,18.96451613,18.06451613,126
153,1999,Sep,21.13666667,10.01333333,16.96666667,16.51333333,107.6
154,1999,Oct,15.33225806,5.677419355,10.77096774,11.12903226,68
155,1999,Nov,11.36333333,4.646666667,8.07,8.31,37.4
156,1999,Dec,8.680645161,1.487096774,5.003225806,5.267741935,103.2
157,2000,Jan,8.229032258,0.880645161,4.241935484,4.287096774,19.1
158,2000,Feb,10.32413793,2.517241379,5.234482759,5.327586207,65.1
159,2000,Mar,11.9,3.416129032,6.825806452,6.722580645,21.8
160,2000,Apr,12.59,3.61,8.753333333,8.493333333,139.5
161,2000,May,18.22580645,7.867741935,15.28064516,14.81290323,90.4
162,2000,Jun,20.63333333,10.7,17.37333333,16.84,18.1
163,2000,Jul,20.72903226,10.80645161,17.72903226,17.18387097,36.9
164,2000,Aug,23.08064516,11.64516129,17.8,17.3483871,36
165,2000,Sep,19.53,10.55,15.68666667,15.71,91.1
166,2000,Oct,14.40967742,7.058064516,11.72903226,11.97096774,181.7
167,2000,Nov,10.72333333,3.303333333,7.523333333,7.716666667,114.3
168,2000,Dec,8.735483871,3.448387097,6.951612903,7.135483871,99.6
169,2001,Jan,7.067741935,-0.087096774,3.458064516,3.616129032,96.3
170,2001,Feb,9.121428571,1.171428571,4.482142857,4.664285714,75.9
171,2001,Mar,9.012903226,2.409677419,5.764516129,5.709677419,129.5
172,2001,Apr,12.65666667,4.046666667,8.84,8.55,83.9
173,2001,May,18.96451613,7.161290323,13.72580645,13.18709677,40.5
174,2001,Jun,20.52666667,8.743333333,16.62333333,15.88,27.6
175,2001,Jul,23.71612903,12.27741935,18.88064516,18.01935484,61.4
176,2001,Aug,23.33870968,12,17.99032258,17.69354839,62.1
177,2001,Sep,17.84333333,9.17,14.37333333,14.34,70
178,2001,Oct,17.28709677,10.1516129,13.23548387,13.29354839,117.2
179,2001,Nov,11.08,2.973333333,8.063333333,8.323333333,28.5
180,2001,Dec,7.806451613,-0.45483871,4.370967742,4.767741935,28.8
181,2002,Jan,9.067741935,1.967741935,4.722580645,4.806451613,66
182,2002,Feb,11.39642857,3.728571429,6.407142857,6.510714286,81.5
183,2002,Mar,12.31935484,3.470967742,7.293548387,7.287096774,45.8
184,2002,Apr,15.68666667,4.133333333,9.713333333,9.523333333,27.9
185,2002,May,16.81290323,7.980645161,13.49354839,13.13870968,72.1
186,2002,Jun,19.67666667,9.473333333,16.93333333,16.50666667,54.6
187,2002,Jul,21.69677419,11.47741935,18.19677419,16.66451613,50.7
188,2002,Aug,22.8516129,12.26451613,18.75483871,18.76774194,133.4
189,2002,Sep,19.87333333,8.176666667,15.19333333,15.71,20.9
190,2002,Oct,15.16451613,6.548387097,11.50967742,12.13225806,73.4
191,2002,Nov,11.89333333,5.31,9.373333333,10.01,155.2
192,2002,Dec,9.04516129,4.235483871,7.387096774,7.74516129,120.3
193,2003,Jan,8.012903226,1.296774194,4.864516129,5.038709677,76.7
194,2003,Feb,8.171428571,0.153571429,3.732142857,3.857142857,29
195,2003,Mar,13.42580645,2.287096774,6.274193548,6.319354839,25.8
196,2003,Apr,15.69,3.573333333,9.196666667,9.033333333,24.9
197,2003,May,17.36451613,6.95483871,13.22580645,12.79032258,56.9
198,2003,Jun,22.8,10.94,17.51,17.16333333,47.9
199,2003,Jul,23.5,12.40645161,18.42903226,18.09354839,39.5
200,2003,Aug,25.96451613,13.19354839,18.66129032,18.48064516,12.9
201,2003,Sep,21.55333333,7.056666667,14.37333333,14.46333333,9.4
202,2003,Oct,14.54193548,4.606451613,9.670967742,10.30967742,34.8
203,2003,Nov,12.07666667,4.59,8.773333333,9.113333333,127.6
204,2003,Dec,8.787096774,1.409677419,5.867741935,6.183870968,67
205,2004,Jan,8.261290323,2.606451613,5.416129032,5.590322581,79.2
206,2004,Feb,8.993103448,2.817241379,5.496551724,5.737931034,30.6
207,2004,Mar,10.35483871,2.406451613,5.641935484,5.725806452,36.5
208,2004,Apr,15.17,3.923333333,9.26,9.28,67.1
209,2004,May,17.98064516,7.383870968,13.52258065,13.37419355,43.6
210,2004,Jun,21.73666667,10.65333333,16.39666667,16.11,44.8
211,2004,Jul,22.03548387,11.09032258,16.91290323,16.7,26.9
212,2004,Aug,23.83870968,13.33870968,18.06774194,17.96129032,76.8
213,2004,Sep,20.53666667,11.26,15.37666667,15.39333333,23.5
214,2004,Oct,15.16451613,7.258064516,11.28709677,11.56774194,103.7
215,2004,Nov,10.73666667,4.526666667,8.536666667,8.886666667,32.6
216,2004,Dec,8.032258065,1.603225806,5.380645161,5.658064516,49
217,2005,Jan,9.116129032,3.096774194,5.151612903,5.429032258,21.7
218,2005,Feb,7.032142857,1.407142857,4.503571429,4.760714286,19
219,2005,Mar,10.78709677,3.667741935,6.041935484,6.093548387,41.9
220,2005,Apr,13.78333333,4.736666667,9.543333333,9.52,51.7
221,2005,May,17.12258065,6.787096774,12.94193548,12.85806452,16.2
222,2005,Jun,22,10.27,16.86666667,16.48,33.5
223,2005,Jul,22.44193548,12.08709677,17.78064516,17.58709677,47.4
224,2005,Aug,21.90967742,10.51290323,16.89354839,16.68064516,74.3
225,2005,Sep,20.94,10.43666667,16.08333333,16.07666667,46.4
226,2005,Oct,17.16129032,9.777419355,13.18709677,13.38709677,75.5
227,2005,Nov,10.20666667,1.826666667,6.833333333,7.286666667,43.5
228,2005,Dec,7.658064516,0.529032258,4.077419355,4.448387097,55.4
229,2006,Jan,7.290322581,1.580645161,4.190322581,4.45483871,19.8
230,2006,Feb,6.439285714,0.396428571,3.482142857,3.735714286,44.6
231,2006,Mar,8.590322581,1.729032258,4.558064516,4.758064516,45.9
232,2006,Apr,13.66,4.35,9.116666667,9.06,31.1
233,2006,May,17.22258065,7.935483871,13.53225806,13.43225806,97
234,2006,Jun,22.48333333,9.8,17.48333333,16.99666667,16.5
235,2006,Jul,27.48709677,13.16451613,20.19032258,19.67741935,30.3
236,2006,Aug,21.26451613,11.24193548,17.23225806,17.16129032,86.9
237,2006,Sep,22.13666667,11.96333333,16.9,16.91666667,71.9
238,2006,Oct,17.36451613,8.919354839,13.5483871,13.89032258,87.5
239,2006,Nov,12.42666667,2.95,8.056666667,8.51,107
240,2006,Dec,9.335483871,3.561290323,6.958064516,7.209677419,69.5
241,2007,Jan,10.19677419,4.758064516,6.54516129,6.735483871,71.7
242,2007,Feb,9.296428571,2.692857143,5.432142857,5.696428571,92.6
243,2007,Mar,11.77419355,3.167741935,6.370967742,6.606451613,53
244,2007,Apr,18.19666667,5.46,10.70666667,10.50333333,1.7
245,2007,May,17.23548387,8.383870968,13.53548387,13.37096774,106.7
246,2007,Jun,20.59333333,11.38,16.83,16.63666667,62.3
247,2007,Jul,20.2483871,11.87741935,17.11290323,16.96451613,158
248,2007,Aug,20.91290323,10.92580645,16.87741935,16.8483871,43.4
249,2007,Sep,18.98666667,9.223333333,14.79,15.04,23
250,2007,Oct,14.77419355,6.287096774,11.1,11.54193548,43.7
251,2007,Nov,11.09,3.436666667,7.143333333,7.45,62.2
252,2007,Dec,9.629032258,1.674193548,4.825806452,5.180645161,60.4
253,2008,Jan,9.64516129,3.816129032,5.841935484,6.1,82.1
254,2008,Feb,10.33793103,0.189655172,3.865517241,4.124137931,18.8
255,2008,Mar,10.07419355,2.961290323,5.751612903,5.929032258,78.2
256,2008,Apr,13.06666667,3.746666667,8.35,8.336666667,52.5
257,2008,May,19.2516129,8.403225806,14.22580645,13.91935484,79.9
258,2008,Jun,19.72,10.05333333,16.84,16.57333333,51.3
259,2008,Jul,21.51612903,11.67096774,17.63225806,17.37419355,79.4
260,2008,Aug,20.42580645,13,17.42580645,17.31935484,54.6
261,2008,Sep,18.07666667,8.75,14.55666667,14.67333333,40.1
262,2008,Oct,14.25806452,4.706451613,10.37741935,10.73548387,50.5
263,2008,Nov,10.38,3.99,7.58,7.973333333,69.6
264,2008,Dec,6.838709677,0.838709677,4.112903226,4.55483871,45.2
265,2009,Jan,5.848387097,-0.303225806,2.506451613,2.819354839,79.3
266,2009,Feb,6.971428571,1.875,3.357142857,3.65,69.2
267,2009,Mar,11.84516129,2.641935484,5.861290323,6.022580645,34.2
268,2009,Apr,15.46333333,5.336666667,10.36,10.12333333,23.5
269,2009,May,17.92258065,7.667741935,13.49354839,13.0516129,28.5
270,2009,Jun,21.37,9.88,16.75666667,16.12333333,45.2
271,2009,Jul,21.67741935,12.34516129,17.69354839,17.3,57.8
272,2009,Aug,22.35806452,11.68064516,17.59354839,17.32258065,32.3
273,2009,Sep,19.67333333,9.776666667,14.72333333,14.78,34.8
274,2009,Oct,15.3516129,7.232258065,11.48387097,11.88064516,37.7
275,2009,Nov,11.98333333,6.136666667,8.676666667,9.003333333,155.5
276,2009,Dec,6.058064516,-0.658064516,3.351612903,3.767741935,163.7
277,2010,Jan,3.277032258,-2.146290323,0.919032258,1.13516129,70
278,2010,Feb,5.548571429,0.023392857,2.244357143,2.394142857,95.2
279,2010,Mar,9.824903226,1.285516129,5.051935484,4.792064516,48.6
280,2010,Apr,14.14836667,1.735966667,10.005,8.868866667,21.9
281,2010,May,15.76193548,3.691709677,13.37806452,12.24,32.6
282,2010,Jun,21.577,7.836333333,17.76466667,17.82366667,4.4
283,2010,Jul,23.18870968,11.25190323,20.19741935,19.79193548,34.8
284,2010,Aug,20.17387097,10.25580645,17.46322581,16.7683871,95
285,2010,Sep,18.22666667,7.6564,13.641,13.50666667,43.6
286,2010,Oct,14.3316129,5.292516129,10.05051613,10.12954839,87.6
287,2010,Nov,8.304366667,1.5968,5.896466667,6.060133333,52.4
288,2010,Dec,2.309612903,-3.849290323,0.969129032,1.131645161,30.4
289,2011,Jan,6.101258065,0.835387097,3.485322581,3.615645161,79.3
290,2011,Feb,8.813642857,2.604392857,5.278392857,5.24875,51.7
291,2011,Mar,10.70129032,0.552193548,5.571516129,5.509129032,17
292,2011,Apr,18.12366667,4.7951,11.86766667,11.334,1.3
293,2011,May,17.34677419,6.091322581,14.36064516,13.81935484,27.7
294,2011,Jun,18.847,8.060766667,16.70466667,16.46266667,92.7
295,2011,Jul,20.07129032,8.883258065,16.62387097,16.76,52
296,2011,Aug,20.43064516,10.26451613,15.95096774,16.30870968,76.5
297,2011,Sep,19.60266667,9.012766667,14.34733333,14.74566667,42.3
298,2011,Oct,17.17935484,6.428580645,11.14490323,11.61054839,26
299,2011,Nov,12.53313333,4.695666667,9.344666667,9.641833333,45.5
300,2011,Dec,8.927225806,1.993806452,5.24783871,5.498483871,83.5
301,2012,Jan,9.040870968,0.983903226,4.866322581,5.058741935,42.1
302,2012,Feb,6.643206897,-0.898448276,3.192965517,3.306,17.8
303,2012,Mar,14.06935484,1.127612903,6.540032258,6.793741935,20.2
304,2012,Apr,11.73933333,2.4262,8.056666667,8.1208,121.5
305,2012,May,17.01806452,7.430483871,13.1916129,12.75096774,49.7
306,2012,Jun,18.089,9.562366667,15.56033333,15.25866667,132.8
307,2012,Jul,20.36193548,11.12635484,16.68483871,16.41870968,84.7
308,2012,Aug,22.24483871,11.29664516,18.12451613,17.70870968,37.7
309,2012,Sep,18.952,6.5915,13.17966667,13.334,53
310,2012,Oct,13.46341935,5.81683871,9.584935484,10.04054839,102.7
311,2012,Nov,10.15686667,2.175166667,5.460966667,6.036333333,87
312,2012,Dec,8.059322581,0.892774194,3.18383871,3.473903226,113.7
313,2013,Jan,5.861129032,1.005903226,3.451419355,3.826419355,64
314,2013,Feb,5.984821429,-3.356964286,1.8765,2.402285714,45.5
315,2013,Mar,5.939516129,-0.368354839,2.582032258,2.910322581,85.6
316,2013,Apr,12.1141,2.4299,7.662066667,6.901566667,42.3
317,2013,May,14.94709677,4.938322581,12.55193548,11.34419355,50.9
318,2013,Jun,18.68966667,8.529633333,16.84633333,15.23,17.1
319,2013,Jul,25.61419355,10.86916129,19.90322581,18.71967742,22.5
320,2013,Aug,23.29580645,10.78377419,17.95451613,16.75064516,41.1
321,2013,Sep,18.90933333,7.811466667,13.79166667,13.03733333,54.5
322,2013,Oct,16.18612903,8.064516129,11.50587097,11.76129032,110.7
323,2013,Nov,9.694566667,2.197266667,5.894433333,6.8612,56.1
324,2013,Dec,9.319870968,1.590322581,4.551612903,5.283322581,111.6
325,2014,Jan,9.101451613,1.819451613,4.284903226,4.950612903,177
326,2014,Feb,9.310964286,2.782357143,4.561642857,4.834142857,132.6
327,2014,Mar,12.12180645,1.186,5.737645161,5.527483871,40.8
328,2014,Apr,14.28490566,3.573924528,10.55396226,9.591245283,126.3
329,2014,May,16.58032258,6.487612903,13.68645161,12.90548387,169.6
330,2014,Jun,20.73933333,8.487433333,16.62333333,16.147,92.8
331,2014,Jul,24.47064516,11.11406452,19.24774194,18.58064516,56.9
332,2014,Aug,21.48227273,9.520454545,17.20090909,16.57363636,94.4
333,2014,Sep,20.75933333,8.063166667,15.28466667,14.80566667,7.2
334,2014,Oct,16.25903226,7.907032258,11.91941935,12.14741935,97.4
335,2014,Nov,11.79623333,0.359166667,8.171566667,8.7143,10.6
336,2014,Dec,8.438290323,1.221451613,4.099419355,4.859741935,53.5
337,2015,Jan,8.059741935,0.109193548,3.213,3.665677419,0
338,2015,Feb,6.759,-0.025821429,2.470107143,2.784107143,15.2
339,2015,Mar,10.552,1.899709677,5.274741935,5.131774194,27.3
340,2015,Apr,15.23633333,2.602933333,10.453,9.1609,20.8
341,2015,May,16.20709677,6.246193548,14.03193548,12.82645161,52.4
342,2015,Jun,20.178,8.287133333,18.11966667,15.92633333,17.3
343,2015,Jul,22.42258065,10.39141935,19.13967742,17.78645161,72.5
344,2015,Aug,21.05193548,10.67141935,17.14193548,16.5516129,111.3
345,2015,Sep,17.72333333,5.872433333,12.56033333,12.51933333,79.3
346,2015,Oct,14.86645161,5.863903226,10.17790323,10.29741935,55
347,2015,Nov,12.43796667,6.262766667,9.7878,9.942733333,65.7
348,2015,Dec,12.71129032,7.579193548,9.522774194,9.662806452,62.2
349,2016,Jan,8.469516129,0.840709677,5.068967742,5.530741935,103.6
350,2016,Feb,8.423517241,0.982862069,4.174965517,4.692482759,59.4
351,2016,Mar,9.642387097,0.910516129,5.068548387,4.931419355,88
352,2016,Apr,12.372,2.535633333,9.512433333,7.890266667,41.5
353,2016,May,17.74612903,6.710387097,14.65580645,12.88103226,50.2
354,2016,Jun,19.05533333,10.8855,16.59,15.99866667,157.1
355,2016,Jul,22.12096774,11.60212903,19.32225806,17.81096774,28.4
356,2016,Aug,23.16064516,11.38335484,17.94548387,16.94064516,32.1
357,2016,Sep,20.93266667,10.5528,15.53933333,15.20266667,36.6
358,2016,Oct,14.94129032,4.79983871,10.17051613,10.40612903,46
359,2016,Nov,10.04963333,1.346866667,6.333866667,6.9542,92.1
360,2016,Dec,9.354580645,0.85716129,5.008290323,5.508516129,12.4
361,2017,Jan,6.809677419,-1.456870968,2.409064516,2.906580645,76.2
362,2017,Feb,9.100714286,2.595857143,5.212607143,5.4065,46.1
363,2017,Mar,12.84722581,4.712354839,7.838258065,7.759516129,39.1
364,2017,Apr,14.41066667,2.244266667,10.20266667,9.420633333,3.5
365,2017,May,17.72225806,7.098677419,17.07096774,13.82903226,88.1
366,2017,Jun,22.08766667,10.80143333,19.024,17.64666667,49.7
367,2017,Jul,22.26451613,11.81025806,18.80096774,17.98580645,94
368,2017,Aug,20.90419355,9.996129032,16.0016129,15.62548387,76.4
369,2017,Sep,18.12266667,7.8736,12.90666667,12.79,72.5
370,2017,Oct,15.96225806,7.759,12.08758065,12.02106452,30.3
371,2017,Nov,10.19293333,1.757366667,7.729333333,7.729033333,39.3
372,2017,Dec,7.325129032,0.897419355,5.331580645,5.474774194,94.2
373,2018,Jan,8.658096774,2.054903226,5.628645161,5.654290323,74.3
374,2018,Feb,6.157392857,-1.94825,3.342571429,3.858821429,38.2
375,2018,Mar,9.151193548,1.953548387,4.881806452,4.982354839,80.6
376,2018,Apr,15.09406667,6.650966667,9.762333333,9.360133333,87.3
377,2018,May,20.02354839,6.976645161,13.3583871,12.50148387,56.4
378,2018,Jun,23.31633333,10.27853333,16.203,15.83766667,2.8
379,2018,Jul,28.03451613,12.284,17.87193548,17.72645161,16.7
380,2018,Aug,24.25451613,11.43029032,16.25290323,16.52903226,31.1
381,2018,Sep,20.70433333,7.5345,12.01633333,12.75033333,39
382,2018,Oct,16.50719355,5.487387097,9.434096774,10.17232258,76.2
383,2018,Nov,12.33696667,3.5848,6.997933333,7.549133333,73
384,2018,Dec,10.89209677,3.773354839,6.19916129,6.660322581,73.7
385,2019,Jan,7.892419355,0.578129032,3.759903226,4.549258065,34.9
386,2019,Feb,12.15510714,0.714392857,3.708178571,4.405571429,49.7
387,2019,Mar,13.18709677,4.522774194,6.764516129,7.27883871,60
388,2019,Apr,15.49,2.934033333,7.8352,8.227633333,22.5
389,2019,May,17.7483871,5.209516129,11.40029032,11.42806452,46.8
390,2019,Jun,20.672,9.841833333,14.861,14.73766667,115.9
391,2019,Jul,24.91064516,11.83722581,17.25903226,17.09516129,48.9
392,2019,Aug,24.34483871,11.43796774,16.02354839,16.11935484,39.6
393,2019,Sep,21.22133333,8.683766667,13.02766667,13.39,73.9
394,2019,Oct,15.4616129,6.149612903,11.21816129,11.50806452,117
120,2019,Nov,10.35503333,2.319566667,7.3913,7.7549,106.5
121,2019,Dec,10.19083871,2.480612903,6.100516129,6.354290323,116.3
122,2020,Jan,10.08832258,3.665354839,6.292483871,6.517516129,66.2
123,2020,Feb,11.28034483,3.316586207,6.06737931,6.391068966,126
124,2020,Mar,11.8286129,2.423774194,5.929193548,6.338645161,50.7
125,2020,Apr,18.11333333,3.573433333,8.557366667,8.766433333,38.2
126,2020,May,20.14774194,5.721258065,11.82645161,11.78032258,13.9
127,2020,Jun,21.81033333,10.2613,15.16633333,14.992,65.8
128,2020,Jul,22.32258065,10.88545161,16.34903226,16.18612903,42.5
129,2020,Aug,25.5883871,13.454,17.61322581,17.51451613,76.9
130,2020,Sep,21.30833333,8.4604,13.93466667,14.05866667,8.3
131,2020,Oct,15.20096774,7.082483871,11.16935484,11.29580645,96.9
132,2020,Nov,13.08433333,4.581933333,9.235566667,9.3885,66.7
133,2020,Dec,8.989870968,2.182709677,6.803580645,7.01283871,74.8
134,2021,Jan,7.283290323,0.692322581,4.955258065,5.159387097,38.4
135,2021,Feb,9.086071429,1.733535714,5.008607143,5.202428571,82.4
136,2021,Mar,11.70867742,2.43416129,6.222935484,6.398645161,30.8
137,2021,Apr,13.2557,0.094933333,6.6811,6.954466667,12
138,2021,May,15.59258065,5.471354839,10.33170968,10.19696774,98.5
139,2021,Jun,22.20733333,10.9976,15.71666667,15.39566667,102
140,2021,Jul,23.94709677,12.77112903,16.76354839,16.5916129,75.3
141,2021,Aug,21.60129032,11.50964516,15.60935484,15.53967742,60.8
142,2021,Sep,21.97333333,10.3606,14.23866667,14.298,45.6
143,2021,Oct,16.94741935,7.332096774,11.70032258,11.79129032,116.2
144,2021,Nov,11.615,2.4318,8.351733333,8.611766667,16.2
145,2021,Dec,10.13590323,4.577064516,7.291677419,7.426258065,76.7
146,2022,Jan,9.047419355,0.270032258,5.411064516,5.77783871,19.6
147,2022,Feb,11.31,3.228535714,6.151928571,6.381142857,57.2
148,2022,Mar,13.25193548,2.324903226,6.564903226,6.883741935,59.5
149,2022,Apr,15.38873333,3.178,8.118266667,8.3188,21
150,2022,May,19.14258065,8.213354839,12.47741935,12.32935484,45.1
151,2022,Jun,21.98466667,9.1192,14.86266667,14.758,33.3
152,2022,Jul,26.46387097,11.6826129,17.0283871,16.84322581,6.1
153,2022,Aug,27.15258065,12.30735484,17.60064516,17.6583871,49.7
154,2022,Sep,20.39633333,9.270733333,14.927,15.19466667,50.4
155,2022,Oct,18.33741935,7.601774194,12.00612903,12.23677419,85.1
156,2022,Nov,13.6239,6.4467,10.3044,10.55033333,150.9
157,2022,Dec,7.699387097,0.074064516,5.429903226,5.773064516,54.7
158,2023,Jan,8.977866667,1.452,5.093866667,5.451633333,79.288
159,2023,Feb,9.897964286,1.059285714,4.788,5.057178571,0.552
160,2023,Mar,9.949387097,3.33716129,6.643935484,6.667709677,6.348
161,2023,Apr,13.27466667,2.9347,8.745066667,8.593966667,86.088
162,2023,May,17.46290323,6.14216129,13.32580645,12.83225806,46
163,2023,Jun,24.02,10.3099,17.58633333,16.65633333,28.25
164,2023,Jul,20.69483871,11.36512903,17.47774194,16.92516129,87.25
165,2023,Aug,21.43129032,10.81706452,16.91451613,16.68483871,74.5
166,2023,Sep,22.767,10.83666667,15.619,15.50366667,70.534
167,2023,Oct,17.00483871,7.333935484,12.77903226,12.82806452,98.986
168,2023,Nov,11.0921,2.9212,8.6045,8.811666667,100.006
169,2023,Dec,9.571806452,3.849612903,7.370774194,7.47783871,66.878
